,Num. Exp,Objeto Contrato,Organismo,Tipo de Contrato,Tipo Tramitación,Fecha Aprobación,Fecha Inicio,Fecha Fin Prórroga,Importe,Razón Social Adjudicatario/Contratista,Año
0,"10/2015
", GESTIÓN DEL SERVICIO MUNICIPAL DE AYUDA A DOMICILIO (S.A.D.) ,ACCIÓN SOCIAL ,Gestión de Servicios públicos ,"Ordinaria
",2012-12-17,2013-01-01,2013-12-31,569181.0,"SERVISAR, Servicios Sociales, S.L. 
",2015
1,"10/2015
", GESTIÓN DEL SERVICIO MUNICIPAL DE AYUDA A DOMICILIO (S.A.D.) ,ACCIÓN SOCIAL ,Gestión de Servicios públicos ,"Ordinaria
",2013-12-23,2014-01-01,2015-12-31,604438.37,"SERVISAR, Servicios Sociales, S.L. 
",2015
2,"10/2015
", GESTIÓN DEL SERVICIO MUNICIPAL DE AYUDA A DOMICILIO (S.A.D.) ,ACCIÓN SOCIAL ,Gestión de Servicios públicos ,"Ordinaria
",2015-12-15,2016-01-01,2016-12-31,2529446.4,"SERVISAR, Servicios Sociales, S.L. 
",2015
3,"11/2015
", SERVICIO MUNICIPAL DE ESTANCIAS DIURNAS ,ACCIÓN SOCIAL ,Gestión de Servicios públicos ,"Ordinaria
",2011-12-27,2012-01-01,2013-12-31,690578.44,"Alfis 31, S.L. 
",2015
4,"11/2015
", SERVICIO MUNICIPAL DE ESTANCIAS DIURNAS ,ACCIÓN SOCIAL ,Gestión de Servicios públicos ,"Ordinaria
",2013-12-23,2014-01-01,2015-12-31,,"Alfis 31, S.L. 
",2015
5,"9/2015
", EXPLOTACIÓN INTEGRAL DE LA SEÑALIZACIÓN HORIZONTAL Y VERTICAL DE LA CIUDAD. ,"TRÁFICO, TRANSPORTES Y COMUNICACIONES ",Servicios ,"Ordinaria
",2015-01-04,,2017-09-14,2524366.04,"ACEINSA Movilidad, S.A.
",2015
6,"4/2015
", ADJUDICACION DEL CONTRATO DE VISITAS GUIADAS AL CASTILLO DE SANTA BARBARA Y MUSEO DE LA CIUDAD DE ALICANTE ,CULTURA ,Especiales ,"Ordinaria
",2015-03-02,2015-04-18,2015-09-30,908.21,"Esatur XXI, S.L.
",2015
7,"105/2015
", INSTALACIÓN Y EXPLOTACIÓN DE DOS MÁQUINAS EXPENDEDORAS DE BEBIDAS Y ALIMENTOS SÓLIDOS EN EL CENTRO CULTURAL LAS CIGARRERAS. ,CULTURA ,Otros ,"Ordinaria
",2014-07-16,2014-07-25,2015-07-25,750.75, ,2015
8,"105/2015
", INSTALACIÓN Y EXPLOTACIÓN DE DOS MÁQUINAS EXPENDEDORAS DE BEBIDAS Y ALIMENTOS SÓLIDOS EN EL CENTRO CULTURAL LAS CIGARRERAS. ,CULTURA ,Otros ,"Ordinaria
",2015-07-22,2015-07-26,2016-07-25,, ,2015
9,"61/2015
", MANTENIMIENTO DEL PARQUE MICROINFORMÁTICO MUNICIPAL ,MODERNIZACIÓN ,Servicios ,"Ordinaria
",2014-06-30,2014-01-10,2015-09-30,77097.86,"METAENLACE SISTEMAS DE INFORMACION, S.L.
",2015
10,"61/2015
", MANTENIMIENTO DEL PARQUE MICROINFORMÁTICO MUNICIPAL ,MODERNIZACIÓN ,Servicios ,"Ordinaria
",2015-07-08,2014-01-10,2015-09-30,63374.32,"METAENLACE SISTEMAS DE INFORMACION, S.L.
",2015
11,"3/2015
", CONCESIÓN DEL SERVICIO DE TIENDA-LIBRERIA EN LA SALA HERRERÍA EN EL CASTILLO DE SANTA BÁRBARA ,CULTURA ,Otros ,"Ordinaria
",2015-03-23,2015-03-25,2015-09-25,1130.0,"CATAPULTAS S.L
",2015
12,"3/2015
", CONCESIÓN DEL SERVICIO DE TIENDA-LIBRERIA EN LA SALA HERRERÍA EN EL CASTILLO DE SANTA BÁRBARA ,CULTURA ,Otros ,"Ordinaria
",2015-09-21,2015-09-25,2016-03-25,1367.3,"CATAPULTAS S.L
",2015
13,"3/2015
", CONCESIÓN DEL SERVICIO DE TIENDA-LIBRERIA EN LA SALA HERRERÍA EN EL CASTILLO DE SANTA BÁRBARA ,CULTURA ,Otros ,"Ordinaria
",2015-03-23,2015-03-25,2015-09-25,1130.0,"CATAPULTAS S.L
",2015
14,"3/2015
", CONCESIÓN DEL SERVICIO DE TIENDA-LIBRERIA EN LA SALA HERRERÍA EN EL CASTILLO DE SANTA BÁRBARA ,CULTURA ,Otros ,"Ordinaria
",2015-09-21,2015-09-25,2016-03-25,1367.3,"CATAPULTAS S.L
",2015
15,"1/2014
", CONTRATACIÓN DE LA ORGANIZACIÓN Y EJECUCIÓN DE VARIAS EXPOSICIONES TEMPORALES Y TALLERES EN EL CASTILLO DE SANTA BÁRBARA ,CULTURA ,Especiales ,"Ordinaria
",2015-03-02,2015-10-04,2016-10-04,10658.56,"Esatur XXI, S.L.
",2015
16,"4/2014
"," SERVICIO DE INSPECCIÓN Y MANTENIMIENTO DE LOS EXTINTORES, BOCAS DE INCENDIOS Y GRUPOS DE PRESIÓN CONTRA INCENDIOS EN DEPENDENCIAS, COLEGIOS E INSTALACIONES DEPORTIVAS MUNICIPALES. ",ATENCIÓN URBANA ,Servicios ,"Ordinaria
",2015-02-04,2015-05-16,2016-05-15,46983.08,"Extintores El Angel, S.L.
",2015
17,"4/2014
"," VIGILANCIA EN EL MERCADILLO QUE SE INSTALA JUNTO A LA GRAN VÍA, CALLE TEULADA Y CAMPO DE MIRRA ","COMERCIO, MERCADOS, SANIDAD Y CONSUMO ",Servicios ,"Ordinaria
",2015-03-23,2015-03-06,2016-02-06,13600.04,"Vectalia Seguridad, S.L.
",2015
18,"5/2014
", SERVICIO DE MANTENIMIENTO PARCIAL DE VÍAS Y ESPACIOS PÚBLICOS. SERVICIO 48 HORAS. ,ATENCIÓN URBANA ,Servicios ,"Ordinaria
",2015-08-27,2015-01-09,2016-08-31,492780.47,"Esclapés e Hijos, S.L. - Tevaseñal, S.A., Unión Temporal de Empresas ""UTE Servicio 48 horas""
",2015
19,"2/2014
", DESARROLLO DEL SERVICIO DE MEDIACIÓN E INTERVENCIÓN EN COMUNIDADES VECINALES DE LA ZONA NORTE ,COORDINACIÓN DE ÁREAS Y PROYECTOS ,Servicios ,"Ordinaria
",2015-01-09,2015-03-10,2015-03-01,11400.0,"FILIAS Proyectos socio-educativos, S.L. 
",2015
20,"1/2015
", SUSCRIPCIÓN DE UNA PÓLIZA DE SEGURO COLECTIVO DE VIDA Y ACCIDENTES PARA EL SERVICIO DE EXTINCIÓN DE INCENDIOS Y SALVAMENTO DEL AYUNTAMIENTO DE ALICANTE ,"PREVENCIÓN, EXTINCIÓN DE INCENDIOS Y SALVAMENTO ",Servicios ,"Ordinaria
",2015-12-15,2016-01-20,2017-01-21,55645.91,"VIDA CAIXA S.A. de Seguros y Reaseguros
",2015
21,"4/2015
", ADJUDICACIÓN DEL CONTRATO RELATIVO AL SUMINISTRO DE PAPEL DE OFICINA PARA LOS DIFERENTES SERVICIOS Y DEPENDENCIAS DEL AYUNTAMIENTO DE ALICANTE ,ECONOMÍA Y HACIENDA ,Suministros ,"Ordinaria
",2015-11-23,2016-01-01,2016-12-31,27616.31,"LYRECO ESPAÑA, S.A.
",2015
22,"11/2015
", SERVICIO MUNICIPAL DE ESTANCIAS DIURNAS ,ACCIÓN SOCIAL ,Gestión de Servicios públicos ,"Ordinaria
",2011-12-27,2012-01-01,2013-12-31,690578.44,"Alfis 31, S.L. 
",2016
23,"11/2015
", SERVICIO MUNICIPAL DE ESTANCIAS DIURNAS ,ACCIÓN SOCIAL ,Gestión de Servicios públicos ,"Ordinaria
",2013-12-23,2014-01-01,2015-12-31,,"Alfis 31, S.L. 
",2016
24,"11/2015
", SERVICIO MUNICIPAL DE ESTANCIAS DIURNAS ,ACCIÓN SOCIAL ,Gestión de Servicios públicos ,"Ordinaria
",2015-11-24,2016-01-01,2016-12-31,359643.66,"Alfis 31, S.L. 
",2016
25,"11/2015
", SERVICIO MUNICIPAL DE ESTANCIAS DIURNAS ,ACCIÓN SOCIAL ,Gestión de Servicios públicos ,"Ordinaria
",2016-07-26,2017-01-01,2017-12-31,36.25,"Alfis 31, S.L. 
",2016
26,"1/2016
"," EXPLOTACIÓN DEL SERVICIO DE BAR-CAFETERÍA EN EL MERCADILLO MUNICIPAL QUE SE INSTALA EN LOS SOLARES SITOS EN LA GRAN VÍA, CALLE TEULADA Y CAMPO DE MIRRA (CONCESIÓN ADMINISTRATIVA) ","COMERCIO, MERCADOS, SANIDAD Y CONSUMO ",Especiales ,"Ordinaria
",2013-03-27,2013-01-04,2016-03-31,26920.0,"Pedro Merlos Pérez
",2016
27,"1/2016
"," EXPLOTACIÓN DEL SERVICIO DE BAR-CAFETERÍA EN EL MERCADILLO MUNICIPAL QUE SE INSTALA EN LOS SOLARES SITOS EN LA GRAN VÍA, CALLE TEULADA Y CAMPO DE MIRRA (CONCESIÓN ADMINISTRATIVA) ","COMERCIO, MERCADOS, SANIDAD Y CONSUMO ",Especiales ,"Ordinaria
",2016-01-26,2016-01-04,2019-03-31,27373.0,"Pedro Merlos Pérez
",2016
28,"9/2015
", APROVECHAMIENTO ADICIONAL DE LAS FAROLAS DE ALUMBRADO PÚBLICO CON FINES PUBLICITARIOS ,OCUPACIÓN VÍA PÚBLICA Y CONSERVACIÓN DE INMUEBLES ,Especiales ,"Ordinaria
",2015-10-02,2015-12-05,2016-11-05,26486.96,"Makroprint Impresión Digital, S.L.N.E.
",2016
29,"9/2015
", APROVECHAMIENTO ADICIONAL DE LAS FAROLAS DE ALUMBRADO PÚBLICO CON FINES PUBLICITARIOS ,OCUPACIÓN VÍA PÚBLICA Y CONSERVACIÓN DE INMUEBLES ,Especiales ,"Ordinaria
",2016-03-05,2016-12-05,2016-11-05,,"Makroprint Impresión Digital, S.L.N.E.
",2016
30,"2/2016
", SERVICIO DE ASISTENCIA Y SALVAMENTO EN LAS PLAYAS DE ALICANTE ,PATRONATO DE TURISMO ,Servicios ,"Ordinaria
",2016-06-14,2016-07-07,2016-06-07,,"PRO-ACTIVA SERVEIS AQUÀTICS, S.L. 
",2016
31,"68/2016
"," CONSERVACIÓN Y EXPLOTACIÓN DE UNA ESTACIÓN PROVISONAL DE AUTOBUSES, MEDIANTE CONCESIÓN ","TRÁFICO, TRANSPORTES Y COMUNICACIONES ",Gestión de Servicios públicos ,"Ordinaria
",2016-10-08,2011-08-18,2017-08-17,,"AUTOMÓVILES LA ALCOYANA, S.A. y GRUPO ENATCAR, S.A. Unión Temporal de Empresas
",2016
32,"106/2016
", SERVICIO DE CONSERVACIÓN YMANTENIMIENTO DE LAS ZONAS VERDES DE LA CIUDAD DE ALICANTE ,ATENCIÓN URBANA ,Servicios ,"Urgente
",2016-12-07,2016-07-14,2017-07-13,4470070.68,"GESTION AMBIENTAL URBANA, S.L.U.
",2016
33,"89/2015
", SERVICIO DE TELECOMUNICACIONES DEL AYUNTAMIENTO DE ALICANTE Y SUS ORGANISMOS AUTÓNOMOS ,"TRÁFICO, TRANSPORTES Y COMUNICACIONES ",Servicios ,"Anticipada
",2016-12-04,2016-05-06,2018-04-06,1310242.44,"Telefónica España SAU y Telefónica Móviles, SAU, Unión Temporal de Empresas
",2016
34,"3/2014
"," CONCESIÓN ADMINISTRATIVA PARA LA EXPLOTACIÓN DE MÁQUINAS EXPENDEDORAS DE PRODUCTOS DE ALIMENTACIÓN, AGUA MINERAL Y REFRESCOS EN LAS DISTINTAS INSTALACIONES DEPORTIVAS GESTIONADAS POR LA CONCEJALÍA DE DEPORTES ",DEPORTES ,Especiales ,"Ordinaria
",2016-06-30,2016-01-07,2017-06-30,,"Negociado sin publicidad
",2016
35,"1/2015
", SERVICIO DE INTERVENCIÓN EN ABSENTISMO ESCOLAR EN LA CIUDAD DE ALICANTE ,EDUCACIÓN ,Servicios ,"Ordinaria
",2016-08-03,2016-01-09,2017-06-30,96442.5,"EULEN SERVICIOS SOCIOSANITARIOS, S.A.
",2016
36,"7/2015
", GESTIÓN DEL SERVICIO DE ACOMPAÑAMIENTO EN ITINERARIOS DE INCLUSIÓN LABORAL ,ACCIÓN SOCIAL ,Servicios ,"Urgente
",2016-03-15,2016-04-19,2017-05-18,104785.0,"Abierto - Utilizando más de un criterio de adjudicación
",2016
37,"37/2015
"," EXPLOTACIÓN PROVISIONAL DE UN ESTACIONAMIENTO DE VEHÍCULOS, CON DESTINO PREFERENTE PARA SERVICIO DEL MERCADO CENTRAL, EN EL SOLAR DE LA ANTIGUA LONJA DE FRUTAS Y VERDURAS (CONCESIÓN ADMINISTRATIVA) ","TRÁFICO, TRANSPORTES Y COMUNICACIONES ",Especiales ,"Ordinaria
",2016-05-24,2016-04-06,2016-03-12,18000.0,"GARAJE EUROPA S.L.- CONSTRUCCIONES RICARDO SANCHEZ, S.A. UTE LEY 18/11982
",2016
38,"37/2015
"," EXPLOTACIÓN PROVISIONAL DE UN ESTACIONAMIENTO DE VEHÍCULOS, CON DESTINO PREFERENTE PARA SERVICIO DEL MERCADO CENTRAL, EN EL SOLAR DE LA ANTIGUA LONJA DE FRUTAS Y VERDURAS (CONCESIÓN ADMINISTRATIVA) ","TRÁFICO, TRANSPORTES Y COMUNICACIONES ",Especiales ,"Ordinaria
",2016-10-25,2016-04-12,2017-03-06,,"GARAJE EUROPA S.L.- CONSTRUCCIONES RICARDO SANCHEZ, S.A. UTE LEY 18/11982
",2016
39,"37/2015
"," EXPLOTACIÓN PROVISIONAL DE UN ESTACIONAMIENTO DE VEHÍCULOS, CON DESTINO PREFERENTE PARA SERVICIO DEL MERCADO CENTRAL, EN EL SOLAR DE LA ANTIGUA LONJA DE FRUTAS Y VERDURAS (CONCESIÓN ADMINISTRATIVA) ","TRÁFICO, TRANSPORTES Y COMUNICACIONES ",Especiales ,"Ordinaria
",2016-05-24,2016-04-06,2016-03-12,18000.0,"GARAJE EUROPA S.L.- CONSTRUCCIONES RICARDO SANCHEZ, S.A. UTE LEY 18/11982
",2016
40,"37/2015
"," EXPLOTACIÓN PROVISIONAL DE UN ESTACIONAMIENTO DE VEHÍCULOS, CON DESTINO PREFERENTE PARA SERVICIO DEL MERCADO CENTRAL, EN EL SOLAR DE LA ANTIGUA LONJA DE FRUTAS Y VERDURAS (CONCESIÓN ADMINISTRATIVA) ","TRÁFICO, TRANSPORTES Y COMUNICACIONES ",Especiales ,"Ordinaria
",2016-10-25,2016-04-12,2017-03-06,,"GARAJE EUROPA S.L.- CONSTRUCCIONES RICARDO SANCHEZ, S.A. UTE LEY 18/11982
",2016
41,"9/2015
"," SERVICIO DE RECOGIDA, CUSTODIA, MANTENIMIENTO, OBSERVACIÓN, TRATAMIENTO Y ENTREGA EN ADOPCIÓN DE ANIMALES URBANOS. ","COMERCIO, MERCADOS, SANIDAD Y CONSUMO ",Servicios ,"Ordinaria
",2016-07-26,2016-01-08,2017-07-31,78408.0,"SOCIEDAD PROTECTORA DE ANIMALES Y PLANTAS DE ALICANTE
",2016
42,"59/2015
"," SERVICIO DE GESTIÓN Y EJECUCIÓN DE TALLERES, CURSOS Y OTRAS ACTIVIDADES DE LOS CENTROS MUNICIPALES DE PERSONAS MAYORES. ",ACCIÓN SOCIAL ,Servicios ,"Ordinaria
",2016-07-14,2016-10-21,2017-03-21,28977.0,"Eulen Servicios Sociosanitarios, S.A.
",2016
43,"2/2016
", MANTENIMIENTO DE LOS SISTEMAS DE ALMACENAMIENTO NETAPP ,MODERNIZACIÓN ,Servicios ,"Ordinaria
",2016-08-08,2016-09-21,2017-02-21,25894.0,"SERVICIOS INFORMATICOS DE SOFTWARE Y TELECOMUNICACIONES, S.L.
",2016
44,"87/2017
", EXPLOTACIÓN DE UN BAR-CAFETERÍA SITUADO EN EL RECINTO DEL PARQUE TEMÁTICO DEL MONTE TOSSAL (ALICANTE). ,ATENCIÓN URBANA ,Especiales ,"Ordinaria
",2017-07-28,2017-11-26,2019-11-27,11999.56,"AZNAR HURTADO, ALBERTO
",2017
45,"11/2015
", SERVICIO MUNICIPAL DE ESTANCIAS DIURNAS ,ACCIÓN SOCIAL ,Gestión de Servicios públicos ,"Ordinaria
",2011-12-27,2012-01-01,2013-12-31,690578.44,"Alfis 31, S.L. 
",2017
46,"11/2015
", SERVICIO MUNICIPAL DE ESTANCIAS DIURNAS ,ACCIÓN SOCIAL ,Gestión de Servicios públicos ,"Ordinaria
",2013-12-23,2014-01-01,2015-12-31,,"Alfis 31, S.L. 
",2017
47,"11/2015
", SERVICIO MUNICIPAL DE ESTANCIAS DIURNAS ,ACCIÓN SOCIAL ,Gestión de Servicios públicos ,"Ordinaria
",2015-11-24,2016-01-01,2016-12-31,359643.66,"Alfis 31, S.L. 
",2017
48,"11/2015
", SERVICIO MUNICIPAL DE ESTANCIAS DIURNAS ,ACCIÓN SOCIAL ,Gestión de Servicios públicos ,"Ordinaria
",2016-07-26,2017-01-01,2017-12-31,36.25,"Alfis 31, S.L. 
",2017
49,"11/2015
", SERVICIO MUNICIPAL DE ESTANCIAS DIURNAS ,ACCIÓN SOCIAL ,Gestión de Servicios públicos ,"Ordinaria
",2017-05-09,2018-01-01,2018-12-31,359643.66,"Alfis 31, S.L. 
",2017
50,"68/2016
"," CONSERVACIÓN Y EXPLOTACIÓN DE UNA ESTACIÓN PROVISONAL DE AUTOBUSES, MEDIANTE CONCESIÓN ","TRÁFICO, TRANSPORTES Y COMUNICACIONES ",Gestión de Servicios públicos ,"Ordinaria
",2016-10-08,2017-08-18,2018-08-17,52005.0,"AUTOMÓVILES LA ALCOYANA, S.A. y GRUPO ENATCAR, S.A. Unión Temporal de Empresas
",2017
51,"68/2016
"," CONSERVACIÓN Y EXPLOTACIÓN DE UNA ESTACIÓN PROVISONAL DE AUTOBUSES, MEDIANTE CONCESIÓN ","TRÁFICO, TRANSPORTES Y COMUNICACIONES ",Gestión de Servicios públicos ,"Ordinaria
",2017-06-20,2016-08-18,2017-08-17,52005.0,"AUTOMÓVILES LA ALCOYANA, S.A. y GRUPO ENATCAR, S.A. Unión Temporal de Empresas
",2017
52,"106/2016
", SERVICIO DE CONSERVACIÓN YMANTENIMIENTO DE LAS ZONAS VERDES DE LA CIUDAD DE ALICANTE ,ATENCIÓN URBANA ,Servicios ,"Urgente
",2016-12-07,2016-07-14,2017-07-13,4470070.68,"GESTION AMBIENTAL URBANA, S.L.U.
",2017
53,"106/2016
", SERVICIO DE CONSERVACIÓN YMANTENIMIENTO DE LAS ZONAS VERDES DE LA CIUDAD DE ALICANTE ,ATENCIÓN URBANA ,Servicios ,"Urgente
",2017-06-20,2017-07-14,2018-07-13,4470070.68,"GESTION AMBIENTAL URBANA, S.L.U.
",2017
54,"15/2014
"," EXPLOTACIÓN DE LA PLAZA DE TOROS DE ALICANTE, CON ESPECTÁCULOS TAURINOS Y OTROS. ",ATENCIÓN URBANA ,Especiales ,"Ordinaria
",2017-10-11,2018-01-01,2019-12-31,,"Toros del Mediterráneo, S.L. 
",2017
55,"15/2017
"," SUMINISTRO DE VESTUARIO, UNIFORMES Y ACCESORIOS PARA EL PERSONAL DEL SERVICIO DE PREVENCIÓN, EXTINCIÓN DE INCENDIOS Y SALVAMENTO ","SERVICIO DE RECURSOS HUMANOS, ORGANIZACIÓN Y CALIDAD ",Suministros ,"Ordinaria
",2017-03-10,2018-01-01,2018-12-31,61696.38,"EL CORTE INGLÉS, S.A.
",2017
56,"14/2017
"," SUMINISTRO DE VESTUARIO, UNIFORMES Y ACCESORIOS PARA EL PERSONAL DEL CUERPO DE LA POLICÍA LOCAL ","SERVICIO DE RECURSOS HUMANOS, ORGANIZACIÓN Y CALIDAD ",Suministros ,"Ordinaria
",2017-03-10,2018-01-01,2018-12-31,256830.97,"EL CORTE INGLÉS, S.A.
",2017
57,"88/2015
", ORDENACIÓN DEL TRÁFICO DE VEHÍCULOS ,"TRÁFICO, TRANSPORTES Y COMUNICACIONES ",Servicios ,"Ordinaria
",2017-11-24,2018-05-15,2020-05-14,3500000.0,"AERONAVAL DE CONSTRUCCIONES E INSTALACIONES, S.A. Y ACEINSA MOVILIDAD, S.A. UNIÓN TEMPORAL EMPRESAS
",2017
58,"1/2014
", GESTIÓN INTEGRAL DEL CENTRO DE ACOGIDA E INSERCIÓN DE PERSONAS SIN HOGAR ,ACCIÓN SOCIAL ,Gestión de Servicios públicos ,"Urgente
",2017-02-05,2017-07-08,2018-06-08,895189.18,"Abierto - Utilizando más de un criterio de adjudicación
",2017
59,"5/2014
", INSTALACIÓN Y EXPLOTACIÓN DE UNA RED DE CAJEROS AUTOMÁTICOS EN LOS MERCADOS MUNICIPALES (CONCESIÓN ADMINISTRATIVA) ,"COMERCIO, MERCADOS, SANIDAD Y CONSUMO ",Especiales ,"Ordinaria
",2017-03-21,,,10809.84,"Banco de Sabadell, S.A.
",2017
60,"5/2015
"," SUMINISTRO DE VESTUARIO, UNIFORMES Y ACCESORIOS PARA EL PERSONAL DEL SERVICIO DE ATENCIÓN URBANA ",ATENCIÓN URBANA ,Suministros ,"Ordinaria
",2017-11-14,2018-01-01,2018-12-31,26135.58,"El Corte Inglés, S.A.
",2017
61,"11/2015
", SERVICIO DE CONSERVACION Y MANTENIMIENTO Y SERVICIO 48 HORAS DEL ALUMBRADO PUBLICO E INSTALACIONES ELECTRICAS DE BAJA TENSION DEL AYUNTAMIENTO DE ALICANTE. EXPTE 18/2014 ,ATENCIÓN URBANA ,Servicios ,"Ordinaria
",2017-09-05,2017-05-16,2019-05-15,1079037.28,"SOCIEDAD IBERICA DE CONSTRUCCIONES ELECTRICAS, SA, y BECSA, SAU. UTE, Ley 18/1982, de 26 de mayo
",2017
62,"11/2015
", SUSCRIPCIÓN DE UNA PÓLIZA DE SEGURO DE DEFENSA JURÍDICA Y RECLAMACIÓN DE DAÑOS PARA EL EXCMO. AYUNTAMIENTO DE ALICANTE ,ECONOMÍA Y HACIENDA ,Servicios ,"Ordinaria
",2017-06-20,2017-09-17,2018-09-16,33725.0,"Segurcaixa Adeslas, S.A. de Seguros y Reaseguros
",2017
63,"14/2015
", SUSCRIPCIÓN DE UNA PÓLIZA DE SEGURO DE RESPONSABILIDAD CIVIL Y PATRIMONIAL PARA EL EXCMO. AYUNTAMIENTO DE ALICANTE  SUSCRIPPCIÓN DE PÓLIZAS DE SEGUROS PARA EL EXCMO. AYUNTAMIENTO DIVIDIDO EN TRES LOTES: LOTE 1 SEGURO DE DAÑOS MATERIALES LOTE 2: SEGURO FLOTA DE AUTÓMÓVILES LOTE 3: SEGURO COLECTIVO DE ACCIDENTES  SUSCRIPPCIÓN DE PÓLIZAS DE SEGUROS PARA EL EXCMO. AYUNTAMIENTO DIVIDIDO EN TRES LOTES: LOTE 1 SEGURO DE DAÑOS MATERIALES LOTE 2: SEGURO FLOTA DE AUTÓMÓVILES LOTE 3: SEGURO COLECTIVO DE ACCIDENTES ,ECONOMÍA Y HACIENDA ,Servicios ,"Ordinaria
",2017-06-20,2017-10-22,2018-10-21,180000.0,"Axa Seguros Generales, S.A. de Seguros y Reaseguros
",2017
64,"14/2015
", SUSCRIPCIÓN DE UNA PÓLIZA DE SEGURO DE RESPONSABILIDAD CIVIL Y PATRIMONIAL PARA EL EXCMO. AYUNTAMIENTO DE ALICANTE  SUSCRIPPCIÓN DE PÓLIZAS DE SEGUROS PARA EL EXCMO. AYUNTAMIENTO DIVIDIDO EN TRES LOTES: LOTE 1 SEGURO DE DAÑOS MATERIALES LOTE 2: SEGURO FLOTA DE AUTÓMÓVILES LOTE 3: SEGURO COLECTIVO DE ACCIDENTES  SUSCRIPPCIÓN DE PÓLIZAS DE SEGUROS PARA EL EXCMO. AYUNTAMIENTO DIVIDIDO EN TRES LOTES: LOTE 1 SEGURO DE DAÑOS MATERIALES LOTE 2: SEGURO FLOTA DE AUTÓMÓVILES LOTE 3: SEGURO COLECTIVO DE ACCIDENTES ,ECONOMÍA Y HACIENDA ,Servicios ,"Ordinaria
",2016-07-25,2017-11-30,2018-11-29,134900.0,"Axa Seguros Generales, S.A. de Seguros y Reaseguros
",2017
65,"14/2015
", SUSCRIPCIÓN DE UNA PÓLIZA DE SEGURO DE RESPONSABILIDAD CIVIL Y PATRIMONIAL PARA EL EXCMO. AYUNTAMIENTO DE ALICANTE  SUSCRIPPCIÓN DE PÓLIZAS DE SEGUROS PARA EL EXCMO. AYUNTAMIENTO DIVIDIDO EN TRES LOTES: LOTE 1 SEGURO DE DAÑOS MATERIALES LOTE 2: SEGURO FLOTA DE AUTÓMÓVILES LOTE 3: SEGURO COLECTIVO DE ACCIDENTES  SUSCRIPPCIÓN DE PÓLIZAS DE SEGUROS PARA EL EXCMO. AYUNTAMIENTO DIVIDIDO EN TRES LOTES: LOTE 1 SEGURO DE DAÑOS MATERIALES LOTE 2: SEGURO FLOTA DE AUTÓMÓVILES LOTE 3: SEGURO COLECTIVO DE ACCIDENTES ,ECONOMÍA Y HACIENDA ,Servicios ,"Ordinaria
",2017-08-29,2017-11-30,2018-11-29,131658.57,"Axa Seguros Generales, S.A. de Seguros y Reaseguros
",2017
66,"14/2015
", SUSCRIPCIÓN DE UNA PÓLIZA DE SEGURO DE RESPONSABILIDAD CIVIL Y PATRIMONIAL PARA EL EXCMO. AYUNTAMIENTO DE ALICANTE  SUSCRIPPCIÓN DE PÓLIZAS DE SEGUROS PARA EL EXCMO. AYUNTAMIENTO DIVIDIDO EN TRES LOTES: LOTE 1 SEGURO DE DAÑOS MATERIALES LOTE 2: SEGURO FLOTA DE AUTÓMÓVILES LOTE 3: SEGURO COLECTIVO DE ACCIDENTES  SUSCRIPPCIÓN DE PÓLIZAS DE SEGUROS PARA EL EXCMO. AYUNTAMIENTO DIVIDIDO EN TRES LOTES: LOTE 1 SEGURO DE DAÑOS MATERIALES LOTE 2: SEGURO FLOTA DE AUTÓMÓVILES LOTE 3: SEGURO COLECTIVO DE ACCIDENTES ,ECONOMÍA Y HACIENDA ,Servicios ,"Ordinaria
",2017-08-20,2017-11-30,2018-11-20,27739.46,"Axa Seguros Generales, S.A. de Seguros y Reaseguros
",2017
67,"14/2015
", SUSCRIPCIÓN DE UNA PÓLIZA DE SEGURO DE RESPONSABILIDAD CIVIL Y PATRIMONIAL PARA EL EXCMO. AYUNTAMIENTO DE ALICANTE  SUSCRIPPCIÓN DE PÓLIZAS DE SEGUROS PARA EL EXCMO. AYUNTAMIENTO DIVIDIDO EN TRES LOTES: LOTE 1 SEGURO DE DAÑOS MATERIALES LOTE 2: SEGURO FLOTA DE AUTÓMÓVILES LOTE 3: SEGURO COLECTIVO DE ACCIDENTES  SUSCRIPPCIÓN DE PÓLIZAS DE SEGUROS PARA EL EXCMO. AYUNTAMIENTO DIVIDIDO EN TRES LOTES: LOTE 1 SEGURO DE DAÑOS MATERIALES LOTE 2: SEGURO FLOTA DE AUTÓMÓVILES LOTE 3: SEGURO COLECTIVO DE ACCIDENTES ,ECONOMÍA Y HACIENDA ,Servicios ,"Ordinaria
",2016-07-25,2017-11-30,2018-11-29,134900.0,"Axa Seguros Generales, S.A. de Seguros y Reaseguros
",2017
68,"14/2015
", SUSCRIPCIÓN DE UNA PÓLIZA DE SEGURO DE RESPONSABILIDAD CIVIL Y PATRIMONIAL PARA EL EXCMO. AYUNTAMIENTO DE ALICANTE  SUSCRIPPCIÓN DE PÓLIZAS DE SEGUROS PARA EL EXCMO. AYUNTAMIENTO DIVIDIDO EN TRES LOTES: LOTE 1 SEGURO DE DAÑOS MATERIALES LOTE 2: SEGURO FLOTA DE AUTÓMÓVILES LOTE 3: SEGURO COLECTIVO DE ACCIDENTES  SUSCRIPPCIÓN DE PÓLIZAS DE SEGUROS PARA EL EXCMO. AYUNTAMIENTO DIVIDIDO EN TRES LOTES: LOTE 1 SEGURO DE DAÑOS MATERIALES LOTE 2: SEGURO FLOTA DE AUTÓMÓVILES LOTE 3: SEGURO COLECTIVO DE ACCIDENTES ,ECONOMÍA Y HACIENDA ,Servicios ,"Ordinaria
",2017-08-29,2017-11-30,2018-11-29,131658.57,"Axa Seguros Generales, S.A. de Seguros y Reaseguros
",2017
69,"14/2015
", SUSCRIPCIÓN DE UNA PÓLIZA DE SEGURO DE RESPONSABILIDAD CIVIL Y PATRIMONIAL PARA EL EXCMO. AYUNTAMIENTO DE ALICANTE  SUSCRIPPCIÓN DE PÓLIZAS DE SEGUROS PARA EL EXCMO. AYUNTAMIENTO DIVIDIDO EN TRES LOTES: LOTE 1 SEGURO DE DAÑOS MATERIALES LOTE 2: SEGURO FLOTA DE AUTÓMÓVILES LOTE 3: SEGURO COLECTIVO DE ACCIDENTES  SUSCRIPPCIÓN DE PÓLIZAS DE SEGUROS PARA EL EXCMO. AYUNTAMIENTO DIVIDIDO EN TRES LOTES: LOTE 1 SEGURO DE DAÑOS MATERIALES LOTE 2: SEGURO FLOTA DE AUTÓMÓVILES LOTE 3: SEGURO COLECTIVO DE ACCIDENTES ,ECONOMÍA Y HACIENDA ,Servicios ,"Ordinaria
",2017-08-20,2017-11-30,2018-11-20,27739.46,"Axa Seguros Generales, S.A. de Seguros y Reaseguros
",2017
70,"4/2016
"," SUMINISTRO DE MOBILIARIO DE OFICINA, CON CRITERIOS MEDIOAMBIENTALES ",ECONOMÍA Y HACIENDA ,Suministros ,"Ordinaria
",2017-04-28,2017-05-19,2018-05-18,36300.0,"ACTIU BERBEGAL Y FORMAS, S.A.
",2017
71,"5/2016
", SERVICIO DE INFORMACIÓN TRIBUTARIA LINEA 900 ,ECONOMÍA Y HACIENDA ,Servicios ,"Ordinaria
",2017-03-14,2017-05-31,2018-05-31,34243.0,"IBIZALINK, S.L.U.
",2017
72,"8/2018
", SERVICIO DE GESTIÓN Y EJECUCIÓN DE LAS ACTIVIDADES DE PREVENCIÓN DE CONDUCTAS ADICTIVAS EN EL ÁMBITO ESCOLAR PARA EL AÑO 2018 DIVIDIDO EN SIETE LOTES ,EDUCACIÓN ,Servicios ,"Anticipada
",2018-11-13,2019-08-01,2019-12-15,22170.73,"IMAGINA ESENCIA COOP V.
",2018
73,"8/2018
", SERVICIO DE GESTIÓN Y EJECUCIÓN DE LAS ACTIVIDADES DE PREVENCIÓN DE CONDUCTAS ADICTIVAS EN EL ÁMBITO ESCOLAR PARA EL AÑO 2018 DIVIDIDO EN SIETE LOTES ,EDUCACIÓN ,Servicios ,"Anticipada
",2018-11-13,2019-08-01,2019-12-15,11704.1,"IMAGINA ESENCIA COOP V.
",2018
74,"8/2018
", SERVICIO DE GESTIÓN Y EJECUCIÓN DE LAS ACTIVIDADES DE PREVENCIÓN DE CONDUCTAS ADICTIVAS EN EL ÁMBITO ESCOLAR PARA EL AÑO 2018 DIVIDIDO EN SIETE LOTES ,EDUCACIÓN ,Servicios ,"Anticipada
",2018-11-13,2019-08-01,2019-12-15,14506.85,"IMAGINA ESENCIA COOP V.
",2018
75,"8/2018
", SERVICIO DE GESTIÓN Y EJECUCIÓN DE LAS ACTIVIDADES DE PREVENCIÓN DE CONDUCTAS ADICTIVAS EN EL ÁMBITO ESCOLAR PARA EL AÑO 2018 DIVIDIDO EN SIETE LOTES ,EDUCACIÓN ,Servicios ,"Anticipada
",2018-11-13,2019-08-01,2019-12-15,1380.0,"IMAGINA ESENCIA COOP V.
",2018
76,"8/2018
", SERVICIO DE GESTIÓN Y EJECUCIÓN DE LAS ACTIVIDADES DE PREVENCIÓN DE CONDUCTAS ADICTIVAS EN EL ÁMBITO ESCOLAR PARA EL AÑO 2018 DIVIDIDO EN SIETE LOTES ,EDUCACIÓN ,Servicios ,"Anticipada
",2018-11-13,2019-08-01,2019-12-15,4080.0,"IMAGINA ESENCIA COOP V.
",2018
77,"8/2018
", SERVICIO DE GESTIÓN Y EJECUCIÓN DE LAS ACTIVIDADES DE PREVENCIÓN DE CONDUCTAS ADICTIVAS EN EL ÁMBITO ESCOLAR PARA EL AÑO 2018 DIVIDIDO EN SIETE LOTES ,EDUCACIÓN ,Servicios ,"Anticipada
",2018-11-13,2019-08-01,2019-12-15,8500.0,"IMAGINA ESENCIA COOP V.
",2018
78,"49/2018
", EXPLOTACIÓN DE UNA HELADERÍA  A INSTALAR EN EL QUIOSCO UBICADO EN LA ZONA CENTRAL DEL PORTAL DE ELCHE ,SERVICIO DE FIESTAS Y OCUPACIÓN DE VÍA PÚBLICA ,Especiales ,"Ordinaria
",2017-11-04,2017-01-05,2018-04-30,10765.72,"HERGA  HOSTELERÍA,S.L.
",2018
79,"49/2018
", EXPLOTACIÓN DE UNA HELADERÍA  A INSTALAR EN EL QUIOSCO UBICADO EN LA ZONA CENTRAL DEL PORTAL DE ELCHE ,SERVICIO DE FIESTAS Y OCUPACIÓN DE VÍA PÚBLICA ,Especiales ,"Ordinaria
",2018-09-02,2018-01-05,2020-04-30,22330.72,"HERGA  HOSTELERÍA,S.L.
",2018
80,"14/2015
"," SUMINISTRO DE VESTUARIO, UNIFORMES Y ACCESORIOS PARA EL PERSONAL DEL CUERPO DE LA POLICÍA LOCAL  SUSCRIPPCIÓN DE PÓLIZAS DE SEGUROS PARA EL EXCMO. AYUNTAMIENTO DIVIDIDO EN TRES LOTES: LOTE 1 SEGURO DE DAÑOS MATERIALES LOTE 2: SEGURO FLOTA DE AUTÓMÓVILES LOTE 3: SEGURO COLECTIVO DE ACCIDENTES ",ECONOMÍA Y HACIENDA ,Servicios ,"Ordinaria
",2017-03-10,2018-01-01,2018-12-31,256830.97,"EL CORTE INGLÉS, S.A.
",2018
81,"14/2015
"," SUMINISTRO DE VESTUARIO, UNIFORMES Y ACCESORIOS PARA EL PERSONAL DEL CUERPO DE LA POLICÍA LOCAL  SUSCRIPPCIÓN DE PÓLIZAS DE SEGUROS PARA EL EXCMO. AYUNTAMIENTO DIVIDIDO EN TRES LOTES: LOTE 1 SEGURO DE DAÑOS MATERIALES LOTE 2: SEGURO FLOTA DE AUTÓMÓVILES LOTE 3: SEGURO COLECTIVO DE ACCIDENTES ",ECONOMÍA Y HACIENDA ,Servicios ,"Ordinaria
",2018-10-23,2019-01-01,2019-12-31,256830.97,"EL CORTE INGLÉS, S.A.
",2018
82,"14/2015
"," SUMINISTRO DE VESTUARIO, UNIFORMES Y ACCESORIOS PARA EL PERSONAL DEL CUERPO DE LA POLICÍA LOCAL  SUSCRIPPCIÓN DE PÓLIZAS DE SEGUROS PARA EL EXCMO. AYUNTAMIENTO DIVIDIDO EN TRES LOTES: LOTE 1 SEGURO DE DAÑOS MATERIALES LOTE 2: SEGURO FLOTA DE AUTÓMÓVILES LOTE 3: SEGURO COLECTIVO DE ACCIDENTES ",ECONOMÍA Y HACIENDA ,Servicios ,"Ordinaria
",2016-07-25,2017-11-30,2018-11-29,134900.0,"EL CORTE INGLÉS, S.A.
",2018
83,"14/2015
"," SUMINISTRO DE VESTUARIO, UNIFORMES Y ACCESORIOS PARA EL PERSONAL DEL CUERPO DE LA POLICÍA LOCAL  SUSCRIPPCIÓN DE PÓLIZAS DE SEGUROS PARA EL EXCMO. AYUNTAMIENTO DIVIDIDO EN TRES LOTES: LOTE 1 SEGURO DE DAÑOS MATERIALES LOTE 2: SEGURO FLOTA DE AUTÓMÓVILES LOTE 3: SEGURO COLECTIVO DE ACCIDENTES ",ECONOMÍA Y HACIENDA ,Servicios ,"Ordinaria
",2017-08-29,2017-11-30,2018-11-29,131658.57,"EL CORTE INGLÉS, S.A.
",2018
84,"14/2015
"," SUMINISTRO DE VESTUARIO, UNIFORMES Y ACCESORIOS PARA EL PERSONAL DEL CUERPO DE LA POLICÍA LOCAL  SUSCRIPPCIÓN DE PÓLIZAS DE SEGUROS PARA EL EXCMO. AYUNTAMIENTO DIVIDIDO EN TRES LOTES: LOTE 1 SEGURO DE DAÑOS MATERIALES LOTE 2: SEGURO FLOTA DE AUTÓMÓVILES LOTE 3: SEGURO COLECTIVO DE ACCIDENTES ",ECONOMÍA Y HACIENDA ,Servicios ,"Ordinaria
",2017-08-20,2017-11-30,2018-11-20,27739.46,"EL CORTE INGLÉS, S.A.
",2018
85,"14/2015
"," SUMINISTRO DE VESTUARIO, UNIFORMES Y ACCESORIOS PARA EL PERSONAL DEL CUERPO DE LA POLICÍA LOCAL  SUSCRIPPCIÓN DE PÓLIZAS DE SEGUROS PARA EL EXCMO. AYUNTAMIENTO DIVIDIDO EN TRES LOTES: LOTE 1 SEGURO DE DAÑOS MATERIALES LOTE 2: SEGURO FLOTA DE AUTÓMÓVILES LOTE 3: SEGURO COLECTIVO DE ACCIDENTES ",ECONOMÍA Y HACIENDA ,Servicios ,"Ordinaria
",2018-08-14,2018-11-20,2019-11-29,134900.0,"EL CORTE INGLÉS, S.A.
",2018
86,"14/2015
"," SUMINISTRO DE VESTUARIO, UNIFORMES Y ACCESORIOS PARA EL PERSONAL DEL CUERPO DE LA POLICÍA LOCAL  SUSCRIPPCIÓN DE PÓLIZAS DE SEGUROS PARA EL EXCMO. AYUNTAMIENTO DIVIDIDO EN TRES LOTES: LOTE 1 SEGURO DE DAÑOS MATERIALES LOTE 2: SEGURO FLOTA DE AUTÓMÓVILES LOTE 3: SEGURO COLECTIVO DE ACCIDENTES ",ECONOMÍA Y HACIENDA ,Servicios ,"Ordinaria
",2018-08-14,2018-11-30,2018-11-30,131658.57,"EL CORTE INGLÉS, S.A.
",2018
87,"14/2015
"," SUMINISTRO DE VESTUARIO, UNIFORMES Y ACCESORIOS PARA EL PERSONAL DEL CUERPO DE LA POLICÍA LOCAL  SUSCRIPPCIÓN DE PÓLIZAS DE SEGUROS PARA EL EXCMO. AYUNTAMIENTO DIVIDIDO EN TRES LOTES: LOTE 1 SEGURO DE DAÑOS MATERIALES LOTE 2: SEGURO FLOTA DE AUTÓMÓVILES LOTE 3: SEGURO COLECTIVO DE ACCIDENTES ",ECONOMÍA Y HACIENDA ,Servicios ,"Ordinaria
",2018-08-14,2018-11-28,2019-11-28,27739.46,"EL CORTE INGLÉS, S.A.
",2018
88,"1/2016
", SERVICIO DE VIGILANCIA EN EL MERCADILLO DENOMINADO JOSE MANUEL GOSÁLVEZ ,COMERCIO Y MERCADOS ,Servicios ,"Ordinaria
",2018-10-23,2018-11-10,2019-10-10,14985.85,"VECTALIA  SEGURIDAD S.L.
",2018
89,"31/2017
", MANTENIMIENTO Y SOPORTE TÉCNICO DE LAS LICENCIAS DE SOFTWARE DE LA  BASE DE DATOS ORACLE DEL AYUNTAMIENTO DE ALICANTE ,"NUEVAS TECNOLOGÍAS, INNOVACIÓN E INFORMÁTICA ",Servicios ,"Ordinaria
",2018-10-16,2019-01-01,2019-12-31,65382.45,"ORACLE IBERICA, S.R.L.
",2018
90,"23/2017
", SERVICIO DE ACOMPAÑAMIENTO EN ITINERARIOS DE INCLUSIÓN LABORAL ,ACCIÓN SOCIAL ,Servicios ,"Ordinaria
",2018-12-06,2018-07-13,2019-12-07,151250.0,"ASOCIACIÓN CULTURAL Y DEPORTIVA OS ZAGALES D'ARAGON
",2018
91,"1/2017
"," SERVICIO DE RECOGIDA, CUSTODIA, MANTENIMIENTO, OBSERVACIÓN, TRATAMIENTO, GESTIÓN Y ENTREGA EN ADOPCIÓN DE ANIMALES ",SANIDAD Y PROTECCIÓN ANIMAL ,Servicios ,"Urgente
",2018-08-14,2018-10-19,2019-10-18,116728.7,"SOCIEDAD PROTECTORA DE ANIMALES Y PLANTAS DE ALICANTE
",2018
92,"6/2017
"," SERVICIO DE ORGANIZACIÓN, COORDINACIÓN, IMPARTICIÓN, CONTROL Y EVALUACIÓN DEL SERVICIO DE ENSEÑANZA DEPORTIVA MUNICIPAL DEL AYUNTAMIENTO DE ALICANTE ",DEPORTES ,Servicios ,"Urgente
",2018-12-06,2018-01-10,2019-05-31,291199.68,"Ebone Servicios Educación Deporte, S.L.
",2018
93,ALC-CONT-97/18,Talleres Formación Laboral Personas Exclusión Soci,SERVICIO DE ACCIÓN SOCIAL,Servicios,Ordinario,2019-10-29,2019-09-25,2020-12-31,5261667.0,,2019
94,ALC-CONT-9/19,SUMINISTRO MATERIAL OFICINA 2019,SERVICIO DE ECONOMÍA Y HACIENDA,Suministros,Ordinario,2019-11-19,2019-10-15,2020-12-31,199650.0,,2019
95,3/19,"Impresión, ensobrado y manipulado Recaudación Trib",SERVICIO DE ECONOMÍA Y HACIENDA,Servicios,Ordinario,2019-10-29,2019-12-02,2020-12-31,3838789.0,,2019
96,5/19,Acompañamiento Itinerarios Inclusión Laboral,SERVICIO DE ACCIÓN SOCIAL,Servicios,Ordinario,2020-06-16,2020-02-04,2021-07-30,,,2020
97,64/19,Servicios deportivos municipales,SERVICIO DE DEPORTES,Servicios,Urgente,2020-05-18,2020-02-11,2021-05-31,,,2020
98,ALC-CONT-21/19,"Trofeos, medallas, copas y placas Deportes",SERVICIO DE DEPORTES,Suministros,Ordinario,2020-06-02,2020-03-11,2021-06-12,193600.0,,2020
99,6/19,Transporte Sanitario del Deporte Escolar,SERVICIO DE DEPORTES,Servicios,Ordinario,2020-05-26,2020-03-16,2021-05-31,,,2020
100,ALC-CONT-130/18,Mantenimiento 25 licencias Microstation y 1 Bentle,"SERVICIO DE NUEVAS TECNOLOGÍAS, INNOVACIÓN E INFORMÁTICA",Servicios,Ordinario,2020-04-07,2020-04-01,2021-04-30,,,2020
101,64/19,Servicios deportivos municipales,SERVICIO DE DEPORTES,Servicios,Urgente,2020-05-26,2020-04-14,2021-08-31,,,2020
102,ALC-CONT-24/19,Recogida. custodia y entrega en adopción animales,SERVICIO DE SANIDAD Y PROTECCIÓN ANIMAL,Servicios,Ordinario,2020-09-08,2020-07-07,2021-10-24,,,2020
103,121/19,Proyecto Intervención Mediación Etnia Gitana,SERVICIO DE ACCIÓN SOCIAL,Servicios,Ordinario,2020-11-10,2020-09-21,2021-12-31,,,2020
104,44/19,Talleres Formación Prelaboral Exclusión Social,SERVICIO DE ACCIÓN SOCIAL,Servicios,Ordinario,2020-10-20,2020-09-21,2021-12-31,,,2020
105,68/19,actividades formativas para familias,SERVICIO DE EDUCACIÓN,Servicios,Ordinario,2020-11-24,2020-10-21,2021-12-31,,,2020
106,70/19,Actividades Prevención Conductas Adictivas ,SERVICIO DE EDUCACIÓN,Servicios,Ordinario,2020-12-09,2020-10-21,2020-12-31,,,2020
107,69/19,Suministro trabajos imprenta y relacionados .,SERVICIO DE CONTRATACIÓN,Suministros,Ordinario,2020-12-01,2020-10-26,2021-12-15,,,2020
108,70/19,Actividades Prevención Conductas Adictivas ,SERVICIO DE EDUCACIÓN,Servicios,Ordinario,2020-12-09,2020-11-10,2020-12-31,,,2020
109,70/19,Actividades Prevención Conductas Adictivas ,SERVICIO DE EDUCACIÓN,Servicios,Ordinario,2020-12-09,2020-11-10,2021-12-31,,,2020
110,46/19,Publicidad Campaña Comunicaciön Tributaria 19-20,SERVICIO DE CONTRATACIÓN,Servicios,Ordinario,,2020-11-16,2021-12-31,,,2020
111,70/19,Actividades Prevención Conductas Adictivas ,SERVICIO DE EDUCACIÓN,Servicios,Ordinario,2020-12-09,2020-11-19,2021-12-31,,,2020
112,42/19,Comunicación y promoción Hosteleria y Comercio,DEPARTAMENTO DE COMERCIO Y HOSTELERÍA,Servicios,Ordinario,2020-12-22,2020-12-16,2021-12-11,,,2020
113,42/19,Comunicación y promoción Hosteleria y Comercio,DEPARTAMENTO DE COMERCIO Y HOSTELERÍA,Servicios,Ordinario,2020-12-22,2020-12-16,2021-12-09,,,2020
114,42/19,Comunicación y promoción Hosteleria y Comercio,DEPARTAMENTO DE COMERCIO Y HOSTELERÍA,Servicios,Ordinario,2020-12-22,2020-12-16,2021-12-15,,,2020
115,72/19,Suministros materiales didácticos ,SERVICIO DE EDUCACIÓN,Suministros,Ordinario,2021-02-09,2021-01-18,2022-02-16,1851584.0,,2021
116,47/19,Semana Europea de la Movilidad 2019-2020,"SERVICIO TRÁFICO, TRANSPORTES, MOVILIDAD Y ACCESIBILIDAD",Servicios,Ordinario,2021-04-13,2021-03-22,2022-09-13,332629.0,,2021
117,12/20,Proyecto Intervención Mediación Etnia Gitana,SERVICIO DE ACCIÓN SOCIAL,Servicios,Ordinario,2021-06-22,2021-05-03,2022-10-08,1903617.0,,2021
118,02/20,Gatos de colonias callejeras,SERVICIO DE SANIDAD Y PROTECCIÓN ANIMAL,Servicios,Ordinario,2021-06-08,2021-05-05,2022-08-16,149430.0,,2021
119,31/20,Gestión alojamiento viviendas semituteladas ,SERVICIO DE ACCIÓN SOCIAL,Servicios,Urgente,,2021-05-17,2022-11-22,31572635.0,,2021
120,56/19,Mantenimiento Parque Microinformático,"SERVICIO DE NUEVAS TECNOLOGÍAS, INNOVACIÓN E INFORMÁTICA",Servicios,Ordinario,2021-07-13,2021-05-21,2022-11-30,755040.0,,2021
121,ALC-CONT-13/19,Suministro agua dependencias municipales.,SERVICIO DE ECONOMÍA Y HACIENDA,Suministros,Ordinario,2021-08-03,2021-06-28,2022-09-17,199936.0,,2021
122,28/19,Suministro material trabajos mantenimiento 4 lotes,"SERVICIO DE INFRAESTRUCTURAS, MANTENIMIENTO, PLAZA DE TOROS",Suministros,Ordinario,2021-11-23,2021-09-08,2023-01-06,1936000.0,,2021
123,59/20,Material deportivo inventariable para C. Deportes,SERVICIO DE DEPORTES,Suministros,Ordinario,2021-11-10,2021-10-13,2023-03-24,399905.0,,2021
124,70/19-7,Actividades Prevención Conductas Adictivas  LOTE 7,SERVICIO DE EDUCACIÓN,Servicios,Ordinario,2021-11-23,2021-10-29,2022-12-31,51750.0,,2021
125,70/19-3,Actividades Prevención Conductas Adictivas  LOTE 3,SERVICIO DE EDUCACIÓN,Servicios,Ordinario,2021-11-23,2021-11-02,2022-12-31,153000.0,,2021
126,70/19-4,Actividades Prevención Conductas Adictivas  LOTE 4,SERVICIO DE EDUCACIÓN,Servicios,Ordinario,2021-11-23,2021-11-02,2022-12-31,230000.0,,2021
127,70/19-6,Actividades Prevención Conductas Adictivas  LOTE 6,SERVICIO DE EDUCACIÓN,Servicios,Ordinario,2021-11-23,2021-11-03,2022-12-31,40800.0,,2021
128,ALC-CONT-25/19,Mantenimiento instalaciones térmicas municipales,"SERVICIO DE INFRAESTRUCTURAS, MANTENIMIENTO, PLAZA DE TOROS",Servicios,Ordinario,2021-11-30,2021-11-03,2023-01-02,16522908.0,,2021
129,68/19,actividades formativas para familias,SERVICIO DE EDUCACIÓN,Servicios,Ordinario,,2021-11-03,2022-12-31,4005294.0,,2021
130,70/19-8,Actividades Prevención Conductas Adictivas LOTE 8,SERVICIO DE EDUCACIÓN,Servicios,Ordinario,2021-11-23,2021-11-03,2022-12-31,118525.0,,2021
131,ALC-CONT-25/19,Mantenimiento instalaciones térmicas municipales,"SERVICIO DE INFRAESTRUCTURAS, MANTENIMIENTO, PLAZA DE TOROS",Servicios,Ordinario,,2021-11-10,2023-01-30,520300.0,,2021
132,73/20,"Impresión, ensobrado y manipulado Rec. Tributaria",SERVICIO DE ECONOMÍA Y HACIENDA,Servicios,Ordinario,2021-11-30,2021-11-12,2022-12-31,5499934.0,,2021
133,75/20,Gestión taller habilidades socio-laborales básicas,SERVICIO DE ACCIÓN SOCIAL,Servicios,Ordinario,,2021-11-23,2023-05-02,4820202.0,,2021
134,75/20,Gestión taller habilidades socio-laborales básicas,,Servicios,,2022-03-08,,2023-05-02,4820202.0,"R0300400I - Obra Social Santa Luisa de Marillac-Hijas de la Caridad de San Vicente Paul, Prórroga de contrato",2022
135,72/19,Suministros materiales didácticos ,,Suministros,,2022-02-09,,2022-02-16,1851588.0,"B03358900 - INDUSTRIAS GRÁFICAS ALICANTE, S.L., Prórroga de contrato",2022
136,69/20,Asistencia Técnica Agenda Urbana 2030,,Servicios,,2022-03-22,,2023-03-29,3230095.0,"A48283964 - IDOM CONSULTING ENGINEERING ARCHITECTURE SAU, Prórroga de contrato",2022
137,107/19,Mantenimiento aplicaciones Genesys,,Servicios,,2022-04-26,,2023-07-03,3384188.0,"B83998740 - AUDIFILM CONSULTING, S.L.U., Prórroga de contrato",2022
138,63/19,Pólizas seguros 2020-2021,,Servicios,,2022-05-17,,2023-05-31,54746233.0,"A60917978 - AXA, Prórroga de contrato",2022
139,63/19,Pólizas seguros 2020-2021,,Servicios,,2022-05-17,,2023-05-31,54746233.0,"V07103419 - PREVISIÓN BALEAR MUTUA DE PREVISIÓN SOCIAL, Prórroga de contrato",2022
140,63/19,Pólizas seguros 2020-2021,,Servicios,,2022-05-17,,2023-05-31,54746233.0,"W0371455G - WR BERKLEY ESPAÑA SUCURSAL EN ESPAÑA, Prórroga de contrato",2022
141,63/19,Pólizas seguros 2020-2021,,Servicios,,2022-05-17,,2023-05-31,54746233.0,"A28007268 - GENERALI ESPAÑA, Prórroga de contrato",2022
142,63/19,Pólizas seguros 2020-2021,,Servicios,,2022-05-17,,2023-05-31,54746233.0,"W0069547H - LIBERTY MUTUAL INSURANCE EUROPE, SUCURSAL EN ESPAÑA, Prórroga de contrato",2022
143,63/19,Pólizas seguros 2020-2021,,Servicios,,2022-05-17,,2023-05-31,54746233.0,"A28229599 - MAPFRE VIDA, Prórroga de contrato",2022
144,63/19,Pólizas seguros 2020-2021,,Servicios,,2022-05-17,,2023-05-31,54746233.0,"A48001648 - SEGUROS BILBAO, Prórroga de contrato",2022
145,63/19,Pólizas seguros 2020-2021,,Servicios,,2022-05-17,,2023-05-31,109492466.0,"A28141935 - MAPFRE ESPAÑA, Prórroga de contrato",2022
146,26/19,Soporte y mantenimiento software Wcronos y Wservic,,Servicios,,2022-06-07,,2023-09-02,567364.0,"B47039276 - ABACO CENTRO DE ESTUDIOS INFORMATICOS S.L., Prórroga de contrato",2022
147,15/21,Mantenimiento Licencia Plyca,,Servicios,,2022-06-07,,2023-07-06,3940261.0,"A81727810 - NEXUS IT, Prórroga de contrato",2022
148,01/21,Proyecto Intervención Socio-Com Escuela Verano,,Servicios,,2022-05-31,,2023-06-03,8335305.0,"B54758735 - Filias Desarrollo Comunitario S.L., Prórroga de contrato",2022
149,32/21,Tasación Valor Suelo IIVTNU,,Servicios,,2022-07-12,,2023-09-03,598466.0,"A03525508 - EUROVALORACIONES, S.A., Prórroga de contrato",2022
150,14/20,Dinamización y Animación Comercial,,Servicios,,2022-09-20,,2023-11-23,6617577.0,"B73405599 - Ebone Servicios Educación Deporte S.L., Prórroga de contrato",2022
151,10/20,Medidas sanitarias en viviendas y otros,,Servicios,,2022-07-26,,2023-09-02,267717.0,"A03063963 - LOKIMICA SA, Prórroga de contrato",2022
152,33/19,Centro acogida e inserción personas sin hogar,,Servicios,,2022-09-13,,2023-11-27,120836657.0,"G61878831 - FUNDACIÓN SALUD Y COMUNIDAD, Prórroga de contrato",2022
153,ALC-CONT-13/19,Suministro agua dependencias municipales.,,Suministros,,2022-08-16,,2023-09-17,199936.0,"B06304984 - ACQUAJET SEMAE, S.L.U., Prórroga de contrato",2022
154,37/20,"Mediación, Asesoramiento C.V. Zona Norte",,Servicios,,2022-10-11,,2023-12-17,1112190.0,"B54758735 - Filias Desarrollo Comunitario S.L., Prórroga de contrato",2022
155,73/20,"Impresión, ensobrado y manipulado Rec. Tributaria",,Servicios,,2022-11-22,,2023-12-31,5499934.0,"B92621762 - CONSORCIO DE MANIPULADO Y SERVICIOS POSTALES, S.L., Prórroga de contrato",2022
156,28/19,Suministro material trabajos mantenimiento 4 lotes,,Suministros,,2022-11-22,,2024-01-07,1936000.0,"A28002335 - SOCIEDAD IBERICA DE CONSTRUCCIONES ELECTRICAS, S.A., Prórroga de contrato",2022
157,ALC-CONT-25/19,Mantenimiento instalaciones térmicas municipales,,Servicios,,2022-12-30,,2024-01-02,16522908.0,"B53648648 - Benesiu y Cantó S.L., Prórroga de contrato",2022
158,ALC-CONT-25/19,Mantenimiento instalaciones térmicas municipales,,Servicios,,2022-12-30,,2024-01-30,520300.0,"B53045126 - HIJOS DE EMILIO GUIRAO S.L., Prórroga de contrato",2022
159,68/20,Talleres Formación Laboral Atención SocioSanitaria,,Servicios,,2022-12-30,,2024-04-12,577076.0,"R0300400I - Obra Social Santa Luisa de Marillac-Hijas de la Caridad de San Vicente Paul, Prórroga de contrato",2022
160,15/22,Servicio Community Manager Redes Sociales Juventud,,Servicios,,2022-12-30,,2023-07-31,91311.0,"B33947508 - TALENTO TRANSFORMACIÓN DIGITAL, S.L., Prórroga de contrato",2022
161,70/19,Actividades Prevención Conductas Adictivas ,,Servicios,,2022-12-20,,2023-12-31,153000.0,"B53741815 - Auca Projectes Educatius S.L., Prórroga de contrato",2022
162,75/20,Gestión taller habilidades socio-laborales básicas,,Servicios,,2022-12-30,,2024-05-02,4820202.0,"R0300400I - Obra Social Santa Luisa de Marillac-Hijas de la Caridad de San Vicente Paul, Prórroga de contrato",2022
163,70/19,Actividades Prevención Conductas Adictivas ,,Servicios,,2022-12-27,,2023-12-31,147000.0,"B53741815 - Auca Projectes Educatius S.L., Prórroga de contrato",2022
164,114/21,Publicidad Campaña Comunicación Tributaria ,,Servicios,,2022-12-30,,2023-12-31,732050.0,"A62748348 - WESTERN DYNAMICS MEDIA AGENCIA DE MEDIOS, S.A., Prórroga de contrato",2022
165,72/20,Suministro carburante,,Suministros,,2022-12-30,,2025-03-31,6655000.0,"A25009192 - RED ESPAÑOLA DE SERVICIOS, S.A.U. (RESSA), Prórroga de contrato",2022
166,126/21,Feria del Libro 2022,,Servicios,,2022-12-30,,2023-12-31,289190.0,"B93063279 - MAKYRE EVENTOS C2T, Prórroga de contrato",2022
167,132/21,Herramientas Gestión Tributos Oracle,,Servicios,,2022-12-30,,2023-02-16,4996674.0,"B17760299 - Avanttic Consultoría Tecnológica, S.L., Prórroga de contrato",2022
