,Num. Exp,Objeto Contrato,Organismo,Tipo de Contrato,Tipo Tramitación,Fecha Aprobación,Fecha Inicio,Importe,Causa/Justificación,Año
0,"9/2014
", RENOVACIÓN DE ACERAS Y MEDIANA EN LA CALLE TOMÁS AZNAR DOMENECH (ZONA 2) ,"ATENCIÓN URBANA
","Obras
","Abierto - Utilizando más de un criterio de adjudicación
",30/06/2015 ,"14/07/2015
","28.523,15
", Los informes que figuran como motivación del expediente ,2015
1,"2/2014
", PROYECTO DE REURBANIZACIÓN DE LA CALLE ITALIA Y OTRAS ,"COMERCIO, MERCADOS, SANIDAD Y CONSUMO
","Obras
","Negociado con publicidad
",12/02/2015 ,"19/02/2015
","
", Conforme propuesta del  Director Facultativo de las obras que figura en informe de fecha 28/01/2015 ,2015
2,"1/2014
", PROYECTO DE REURBANIZACIÓN DE LA CALLE PORTUGAL ,"COMERCIO, MERCADOS, SANIDAD Y CONSUMO
","Obras
","Negociado con publicidad
",12/02/2015 ,"19/02/2015
","-10.428,75
", Modificación unidades de obra a propuesta Directores Facultativos según informe de fecha 03/02/2015  ,2015
3,"4/2015
"," OBRAS INCLUIDAS EN EL PROYECTO BASICO Y DE EJECUCIÓN DE ADECUACIÓN-REHABILITACIÓN TOTAL, TANTO ESTRUCTURAL COMO FUNCIONAL DEL CEIP MANJON CERVANTES DE ALICANTE. ","URBANISMO
","Obras
","Negociado con publicidad
",15/10/2015 ,"20/10/2015
","562.433,18
"," Se autoriza a la mercantil de las obras principales a ejecutar las que se desprenden del ""Proyecto técnico modificado"" ",2015
4,"37/2015
"," EXPLOTACIÓN PROVISIONAL DE UN ESTACIONAMIENTO DE VEHÍCULOS, CON DESTINO PREFERENTE PARA SERVICIO DEL MERCADO CENTRAL, EN EL SOLAR DE LA ANTIGUA LONJA DE FRUTAS Y VERDURAS (CONCESIÓN ADMINISTRATIVA) ","TRÁFICO, TRANSPORTES Y COMUNICACIONES
","Especiales
","Abierto - Utilizando más de un criterio de adjudicación
",30/06/2015 ,"15/07/2015
","
", Mejora del servicio  ,2015
5,"15/2015
", ACONDICIONAMIENTO ESCALERA Y JARDINERAS INSTITUTO JORGE JUAN. EXPTE 9/2015 ,"ATENCIÓN URBANA
","Obras
","Negociado sin publicidad
",08/10/2015 ,"21/10/2015
","2.885,76
", ,2015
0,"1/2014
", GESTIÓN INTEGRAL DEL CENTRO DE ACOGIDA E INSERCIÓN DE PERSONAS SIN HOGAR ,"ACCIÓN SOCIAL
","Gestión de Servicios públicos
","Abierto - Utilizando más de un criterio de adjudicación
",06/09/2016 ,"14/09/2016
","27.918,00
", Ampliación  de plazas de atención integral y cambio de paradigma en la atención y abordaje de la exclusión residencial grave ,2016
1,"12/2014
"," REMODELACIÓN Y MEJORA DE LAS ÁREAS DE SERVICIO DE LA PLAYA DE SAN JUAN EN LA AVDA. DE NIZA, TRAMO ENTRE LA AVENIDA DE BRUSELAS Y CALLE IRLANDA ","TRÁFICO, TRANSPORTES Y COMUNICACIONES
","Obras
","Negociado sin publicidad
",03/05/2016 ,"11/05/2016
","
", Variaciones en diferentes unidades de obra contratada ,2016
2,"10/2015
", REHABILITACIÓN DEL EDIFICIO DE LA ANTIGUA ESTACIÓN DE AUTOBUSES ,"TRÁFICO, TRANSPORTES Y COMUNICACIONES
","Obras
","Abierto - Utilizando más de un criterio de adjudicación
",02/02/2016 ,"17/02/2016
","
", por la necesidad de aprobar un proyecto modificado ,2016
3,"10/2015
", REHABILITACIÓN DEL EDIFICIO DE LA ANTIGUA ESTACIÓN DE AUTOBUSES ,"TRÁFICO, TRANSPORTES Y COMUNICACIONES
","Obras
","Abierto - Utilizando más de un criterio de adjudicación
",31/05/2016 ,"01/06/2016
","
"," por la necesidad de aprobar un proyecto modificado que previamente ha de ser supervisado , en virtud del art. 125 del  TRLCSP ",2016
4,"10/2015
", REHABILITACIÓN DEL EDIFICIO DE LA ANTIGUA ESTACIÓN DE AUTOBUSES ,"TRÁFICO, TRANSPORTES Y COMUNICACIONES
","Obras
","Abierto - Utilizando más de un criterio de adjudicación
",05/07/2016 ,"05/07/2016
","
", Modificación del proyecto ,2016
5,"2/2015
", REFORMA Y ADECUACIÓN DE LA ANTIGUA CÁMARA DE COMERCIO PARA LA UBICACIÓN DE LAS DEPENDENCIAS MUNICIPALES ,"URBANISMO
","Obras
","Abierto - Utilizando un único criterio de adjudicación
",30/08/2016 ,"07/09/2016
","
", Modificación del proyecto ,2016
6,"12/2015
", SUMINISTRO E INSTALACIÓN DE DOS EQUIPOS MULTIFUNCIÓN DE ALTAS PRESTACIONES PARA EL SERVICIO MUNICIPAL DE REPROGRAFIA DEL AYUNTAMIENTO DE ALICANTE ,"ECONOMÍA Y HACIENDA
","Suministros
","Abierto - Utilizando más de un criterio de adjudicación
",19/04/2016 ,"04/05/2016 267,44
","6.472,53
", Reorganización administrativa del ayuntamiento ,2016
7,"21/2015
", REPARACIÓN ESTRUCTURAL DE LA PISCINA MONTE TOSSAL ,"ATENCIÓN URBANA
","Obras
","Negociado con publicidad
",07/03/2016 ,"17/03/2016
","
", Nuevas unidades de obra ,2016
8,"21/2015
", REPARACIÓN ESTRUCTURAL DE LA PISCINA MONTE TOSSAL ,"ATENCIÓN URBANA
","Obras
","Negociado con publicidad
",07/03/2016 ,"17/03/2016
","
", Nuevas unidades de Obra ,2016
9,"20/2015
", ACONDICIONAMIENTO DE CUBIERTA DE LA CASA CONSISTORIAL DE ALICANTE ,"ATENCIÓN URBANA
","Obras
","Negociado con publicidad
",21/11/2016 ,"28/11/2016
","
", ,2016
10,"2/2016
", SERVICIO DE ASISTENCIA Y SALVAMENTO EN LAS PLAYAS DE ALICANTE ,"PATRONATO DE TURISMO
","Servicios
","Abierto - Utilizando más de un criterio de adjudicación
",26/07/2016 ,"04/08/2016
","9.662,10
"," Ampliación del ámbito de actuación, incluyendo la playa habilitada para perros, en la playa de Agua Amarga, hasta el  15/09/16 ",2016
0,"88/2015
", ORDENACIÓN DEL TRÁFICO DE VEHÍCULOS ,"TRÁFICO, TRANSPORTES Y COMUNICACIONES
","Servicios
","Abierto - Utilizando más de un criterio de adjudicación
",17/10/2017 ,"25/10/2017
","
"," INFORME DE 20/07/2017, DEL RESPONSABLE DEL CONTRATO (JERÓNIMO BLAYA) CON EL VISTO BUENO DEL CONCEJAL DE MOVILIDAD Y ACCESIBILIDAD... ",2017
1,"1/2016
", SUMINISTRO E INSTALACIÓN DE SISTEMAS DE IMPRESIÓN MULTIFUNCIONALES EN EL EXCMO. AYUNTAMIENTO DE ALICANTE ,"ECONOMÍA Y HACIENDA
","Suministros
","Abierto - Utilizando más de un criterio de adjudicación
",20/04/2017 ,"08/05/2017 338,40
","8.189,37
", ,2017
2,"231/2016
", EJECUCIÓN DE LAS OBRAS DE ACONDICIONAMIENTO DEL ACUARIO MUNICIPAL DE LA PLAZA NUEVA Y SU MANTENIMIENTO ,"ATENCIÓN URBANA
","Obras
","Negociado con publicidad
",10/02/2017 ,"13/02/2017
","
", Modificación de la estructura interna de las urnas ,2017
3,"3/2016
"," PROYECTOS AGRUPADOS DE INSTALACIÓN DE TUBERÍAS DE 250MM DE AGUA REGENERADA PARA RIEGO DE ZONAS VERDES DEL PASEO ESCRITOR JOAN FUSTER, PARQUE DEL MAR Y ZONAS VERDES DEL ACCESO SUR DE ALICANTE, FASES I Y II ","URBANISMO
","Obras
","Negociado con publicidad
",27/03/2017 ,"12/04/2017
","
", Nuevo criterio de diseño en la presión de servicio de la red de distribución de agua regenerada ,2017
4,"1/2017
", URBANIZACIÓN DEL OBSERVATORIO DE MEDIO AMBIENTE URBANO DE ALICANTE ,"ATENCIÓN URBANA
","Obras
","Negociado con publicidad
",21/03/2017 ,"05/04/2017
","
", Nuevas necesidades tras el movimiento inicial de tierras ,2017
5,"64/2017
"," CONSTRUCCIÓN DE LA VÍA-VERDE ALICANTE-ELCHE, FASE I ALICANTE-EUIPO (URBANIZACIÓN DE LA AVDA. DE ELCHE, ENTRE BARRANCO DE LAS OVEJAS Y LA EUIPO) ","SERVICIO DE TRÁFICO, TRANSPORTES, MOVILIDAD Y ACCESIBILIDAD
","Obras
","Abierto - Utilizando más de un criterio de adjudicación
",18/07/2017 ,"02/08/2017 3.813,84
","92.295,04
"," mantener el actual cruce semafórico, incremento de luminarias, mejora red semáforos, reurbanización carril bici,  reestructuración cruce Avda. Elche ",2017
6,"9/2017
"," SERVICIO DE IMPLEMENTACIÓN DE LA PLATAFORMA ""GESTIÓN INTEGRAL DE TRIBUTOS"". ","ECONOMÍA Y HACIENDA
","Servicios
","Abierto - Utilizando más de un criterio de adjudicación
",18/07/2017 ,"02/08/2017
","
", Ajustes en la regularización de la distribución de la disposición del gasto por demora producida en la ejecución del contrato. ,2017
0,"3/2017
"," EJECUCIÓN DE LAS OBRAS COMPRENDIDAS EN EL PROYECTO DE ""REFORMA Y ADECUACIÓN DE LA CASA DE LA FESTA PARA LA UBICACIÓN DE LA CONCEJALÍA DE TURISMO Y FIESTAS, ASÍ COMO DE INFRAESTRUCTURAS SOCIO-CULTURALES COMPLEMENTARIAS"". ","URBANISMO
","Obras
","Abierto - Utilizando un único criterio de adjudicación
",11/12/2018 ,"19/12/2018 10.506,63
","210.132,67
", Necesidad de modificar determinadas instalaciones ,2018
1,"305/2018
"," INSTALACIÓN DE UNA DESHUMECTADORA PARA UNA PISCINA CUBIERTA SITA EN CALLE FERNANDO MADROÑAL, 2. (INVERSIONES FINANCIERAMENTE SOSTENIBLES EJERCICIO 2017). ","COMERCIO, HOSTELERÍA, INFRAESTRUCTURAS E INMIGRACIÓN
","Obras
","Negociado con publicidad
",11/12/2018 ,"16/01/2019
","
"," informe de feha 12/11/2018 de D. Enrique Bou Pérez, Técnico Municipal y responsable del contrato. ",2018
2,"62/2018
", PROYECTO BÁSICO Y DE EJECUCIÓN PARA LA REHABILITACIÓN DEL MURO DE CERRAMIENTO DE LA PLAZA DE SANTA TERESA (PANTEÓN DE QUIJANO). (INVERSIONES FINANCIERAMENTE SOSTENIBLES EJERCICIO 2017). ,"URBANISMO
","Obras
","Negociado con publicidad
",10/10/2018 ,"19/10/2018
","
"," Informe de fecha 18/09/2018 del director facultativo de las obras, D. Fco. Ramón Casal Asensio ",2018
3,"62/2018
", PROYECTO BÁSICO Y DE EJECUCIÓN PARA LA REHABILITACIÓN DEL MURO DE CERRAMIENTO DE LA PLAZA DE SANTA TERESA (PANTEÓN DE QUIJANO). (INVERSIONES FINANCIERAMENTE SOSTENIBLES EJERCICIO 2017). ,"URBANISMO
","Obras
","Negociado con publicidad
",02/10/2018 ,"19/10/2018
","
"," Informe de fecha 16/08/2018 del director facultativo de las obras, D. Fco. Ramón Casal Asensio ",2018
4,"348/2018
"," CONTRATACIÓN DE LAS OBRAS DE ACONDICIONAMIENTO Y RENOVACIÓN DE VARIAS INSTALACIONES DEPORTIVAS MUNICIPALES DE LA CIUDAD E ALICANTE, DIVIDIDO EN TRES ( 3 ) LOTES ( INVERSIONES FINANCIERAMENTE SOSTENIBLES EJERCICIO 2017 ): LOTE A: RENOVACIÓN DE CAMPO DE FÚTBOL CABO DE LAS HUERTAS LOTE B: RENOVACIÓN DE CAMPO DE FÚTBOL DEL HIPÓDROMO MONTE TOSSAL LOTE C: RENOVACIÓN DE CAMPO DE FÚTBOL VIRGEN DEL REMEDIO ","COMERCIO, HOSTELERÍA, INFRAESTRUCTURAS E INMIGRACIÓN
","Obras
","Negociado con publicidad
",06/11/2018 ,"14/11/2018
","
"," Informe elaborado por el responsable del contrato D. Manuel Martínez Marhuenda, Ingeniero Agrónomo Municipal y las actas  de precios contradictorios. ",2018
5,"349/2018
"," ADECUACIÓN DEL ESPACIO FORESTAL DEGRADADO EN EL TOSSAL (ENTORNO CENTRO DE METADONA), EN EL ÁMBITO DE LA ESTRATEGIA DE DESARROLLO URBANO SOSTENIBLE INTEGRADO (EDUSI) ÁREA LAS CIGARRERAS, DEL MUNICIPIO DE ALICANTE, COFINANCIADO POR LA COMISIÓN EUROPEA CON CARGO AL FEDER DENTRO DEL EJE 13 ""ASISTENCIA TÉCNICA"" DEL PROGRAMA OPERATIVO DE CRECIMIENTO SOSTENIBLE,  PARA LA PROGRAMACIÓN 2014-2020.  UNA MANERA DE HACER EUROPA"". ","COMERCIO, HOSTELERÍA, INFRAESTRUCTURAS E INMIGRACIÓN
","Obras
","Abierto - Utilizando más de un criterio de adjudicación
",11/12/2018 ,"16/01/2019
","
", Informe de 15/11/2018 del director facultativo de las obras (D. Carlos Domínguez Herrera). ,2018
0,Alc-cont 82/18,Desarrollo Cuadro Mando Policía,SERVICIO DE CONTRATACIÓN,Servicios,Ordinario,2019-07-23 00:00:00,2019-07-25,0.0,"Ampliación del plazo de ejecución del contrato en tres meses , a contar desde el día siguiente a la formalización contractual.",2019
1,ALC-CONT-114/18,INSTALACIONES CIUDAD DEPORTIVA (IFS 2018) . Lote 1,"SERVICIO DE INFRAESTRUCTURAS, MANTENIMIENTO, PLAZA DE TOROS",Obras,Ordinario,2019-08-13 00:00:00,2019-08-06,0.0,Ampliación del plazo de ejecución del contrato en 28 días naturales.,2019
2,ALC-CONT-112/18,Accesibilidad plaza Cruz Roja,URBANISMO,Obras,Ordinario,22-10-2019,2019-10-25,0.0,Ampliación del plazo de ejecución de las obras en 20 días naturales,2019
3,ALC-CONT-116/18,INFRAESTRUCTURAS LIBRE-VERDE DEPORTIVAS (IFS 2018),"SERVICIO DE INFRAESTRUCTURAS, MANTENIMIENTO, PLAZA DE TOROS",Obras,Ordinario,2019-11-05 00:00:00,2019-11-25,0.0,Ampliación del plazo de ejecución del contrato hasta el 15/12/2019,2019
4,ALC-CONT-17/2019,Obras fabrica Tabacos-EDUSI-FEDER,URBANISMO,Obras,Ordinario,2019-12-17 00:00:00,2019-11-28,0.0,Ampliación del plazo de ejecución del contrato hasta el 14/12/2019,2019
5,ALC-CONT-112/18,Accesibilidad plaza Cruz Roja,URBANISMO,Obras,Ordinario,2019-12-17 00:00:00,2019-12-19,19311.54,Introducción de precios nuevos que afectan aunidades de obras que en su conjunto exceden del 3% del presupuesto primitivo delmismo.,2019
6,81/18,Traslado Torre Placia,SERVICIO DE GESTIÓN PATRIMONIAL,Obras,Ordinario,2020-03-17 00:00:00,2020-01-13,0.0,Ampliación del plazo de ejecución debido a un retraso en las autorizaciones preceptivas para las investigaciones arqueológicas. Ampliación plazo hasta el 14/02/2020. Convalidación de lo actuado,2019
7,ALC-CONT-114/18,INSTALACIONES CIUDAD DEPORTIVA (IFS 2018): Lote 2,"SERVICIO DE INFRAESTRUCTURAS, MANTENIMIENTO, PLAZA DE TOROS",Obras,Ordinario,2019-08-13 00:00:00,2020-01-14,0.0,Ampliación del plazo de ejecución del contrato en 28 días naturales.,2019
8,ALC-CONT-124/18,Acondicionamiento entorno de La Isleta,URBANISMO,Obras,Ordinario,2019-11-05 00:00:00,2020-01-14,0.0,Ampliación del plazo de ejecución del contrato hasta el 4/12/2019,2019
9,ALC-CONT-16/2019,Mejora accesibilidad C/ Poeta Zorrilla,URBANISMO,Obras,Ordinario,2019-12-17 00:00:00,2020-01-21,0.0,Ampliación plazo de ejecución de las obras en 15 días,2019
10,,,,,,,,,,2019
11,,,,,Page 1 / 1,,,,,2019
0,ALC-CONT-114/18,INSTALACIONES CIUDAD DEPORTIVA (IFS 2018),"SERVICIO DE INFRAESTRUCTURAS, MANTENIMIENTO, PLAZA DE TOROS",Obras,Ordinario,2019-08-13 00:00:00,2019-08-06,0,Ampliación plazo en 28 días naturales para redistribución de la planta e instalaciones.,2020
1,ALC-CONT-116/18,INFRAESTRUCTURAS LIBRE-VERDE DEPORTIVAS (IFS 2018),"SERVICIO DE INFRAESTRUCTURAS, MANTENIMIENTO, PLAZA DE TOROS",Obras,Ordinario,2019-11-05 00:00:00,2019-11-25,0,Ampliación plazo hasta 15/12/19 por daños causados por el temporal DANA,2020
2,ALC-CONT-17/2019,Obras fabrica Tabacos-EDUSI-FEDER,URBANISMO,Obras,Ordinario,2019-12-17 00:00:00,2019-11-28,0,Ampliación plazo en 30 días por daños causados por el temporal DANA,2020
3,81/18,Traslado Torre Placia,SERVICIO DE GESTIÓN PATRIMONIAL,Obras,Ordinario,2020-03-17 00:00:00,2020-01-13,0,Solicitud de ampliacion del plazo de ejecución debido a un retraso en las autorizaciones preceptivas para las investigaciones arqueológicas. Ampliación plazo hasta el 14/02/2020,2020
4,ALC-CONT-114/18,INSTALACIONES CIUDAD DEPORTIVA (IFS 2018),"SERVICIO DE INFRAESTRUCTURAS, MANTENIMIENTO, PLAZA DE TOROS",Obras,Ordinario,2019-08-13 00:00:00,2020-01-14,0,"Ampliacion plazo en 28 días naturales, hasta el 29/08/2019 para rediseñar la totalidad de la planta de pista de fútbol y atletismo.",2020
5,ALC-CONT-124/18,Acondicionamiento entorno de La Isleta,URBANISMO,Obras,Ordinario,2019-11-05 00:00:00,2020-01-14,0,Ampliación plazo hasta el 4/12/2019 debido a lluvias acaecidas con cierta intensidad.,2020
6,ALC-CONT-16/2019,Mejora accesibilidad C/ Poeta Zorrilla,URBANISMO,Obras,Ordinario,2019-12-17 00:00:00,2020-01-21,0,Ampliación plazo en 15 días hasta el 30/12/19 para poder terminar trabajos de urbanización una vez finalizados los trabajos de reposición de aguas.,2020
7,58/19,Urb. Parcela C/ Aucuba Madroño. La Cañada Fenollar,URBANISMO,Obras,Ordinario,2020-03-31 00:00:00,2020-03-10,0,"Ampliación del plazo debido a la demora en el inicio de la obra, la demora por parte de ibedrola en la aprobaciónd el aproyecto de canalización y las precipitaciones de los días 21 a 23 de enero. ",2020
8,ALC-CONT-22/2019,Obras zona verde Avda. PP Escandinavos,"SERVICIO DE INFRAESTRUCTURAS, MANTENIMIENTO, PLAZA DE TOROS",Obras,Ordinario,2020-03-17 00:00:00,2020-04-28,0,Ampliación del plazo de ejecución debido a la DANA de los días 19 y 21 de enero de 2020.,2020
9,ALC-CONT-14/2019,Recuperación arquitectónica castillo San Fernando,SERVICIO DE CULTURA,Obras,Ordinario,2020-07-28 00:00:00,2020-05-20,0,retraso en la ejecución debido a la aplicación de los protocolos sanitarios y actos vándalicos.,2020
10,ALC-CONT-19/2019,Rehabilitación del Skatepark Monte Tossal,URBANISMO,Obras,Ordinario,2020-06-23 00:00:00,2020-06-25,0,Ampliación plazo de ejecución debido a la paralización por la pandemia del COVID-19.,2020
11,42/19,Comunicación y promoción Hosteleria y Comercio,DEPARTAMENTO DE COMERCIO Y HOSTELERÍA,Servicios,Ordinario,2020-07-28 00:00:00,2020-07-02,0,Variación en las prestaciones  objeto del contrato como consecuencia de la pandemia del COVID-19 sin variar el importe ni duración contrato,2020
12,49/19,Obras mejoras zonas verdes Barranco ovejas,URBANISMO,Obras,Ordinario,2020-07-21 00:00:00,2020-07-20,0,"Ampliación del plazo de ejecución de las obras (5 semanas, hasta 26/08/2020) por contratiempos (barandilla y gestión de residuos) que suponen documentación y tramitación demorando las obras.",2020
13,52/19,Acondicionamiento Plaza Viña,URBANISMO,Obras,Ordinario,2020-09-08 00:00:00,2020-08-13,90027.52 €,"Modificado de proyecto en importe, que no supone ampliación de plazo",2020
14,45/19,Urbanizacion plaza Justicia,URBANISMO,Obras,Ordinario,2020-09-08 00:00:00,2020-08-13,116454.24 €,"Modificado de proyecto en importe, que no supone ampliación de plazo",2020
15,35/19,Señalización vertical y horizonal ciudad,"SERVICIO TRÁFICO, TRANSPORTES, MOVILIDAD Y ACCESIBILIDAD",Servicios,Urgente,2020-09-22 00:00:00,2020-09-23,0,Ampliación de plazo para instalación de sistema informático de gestión del servicio hasta 13/10/20 por causa del estado de alarma,2020
16,88/19,"Adecuacion 2 locales C/ Sargento Vaillo, 2 lotes","SERVICIO DE INFRAESTRUCTURAS, MANTENIMIENTO, PLAZA DE TOROS",Obras,Ordinario,2020-10-27 00:00:00,2020-10-01,0,Ampiación del plazo de ejecución de las obras Lote 2 por autorización de permisos (demora por denuncia de un vecino de la comunidad),2020
17,88/19,"Adecuacion 2 locales C/ Sargento Vaillo, LOTE 2","SERVICIO DE INFRAESTRUCTURAS, MANTENIMIENTO, PLAZA DE TOROS",Obras,Ordinario,2020-10-27 00:00:00,2020-10-01,0,"Ampliación plazo en 21 días, hasta el 15/11/20, por retrasos en ejecución obras por causas imprevistas.",2020
18,31/19,Erosion-adecuac. espacio forestal degradad Tossal,"SERVICIO DE INFRAESTRUCTURAS, MANTENIMIENTO, PLAZA DE TOROS",Obras,Ordinario,2020-10-13 00:00:00,2020-10-13,0,Ampiación del plazo de ejecución de las obras hasta 11/12/20 por  decreto Covid y por época en la plantación no apta para riego.,2020
19,134/19,Incremento plazas aparcamiento P.I. Las Atalayas ,URBANISMO,Obras,Ordinario,2020-10-20 00:00:00,2020-10-13,0,Ampliación del plazo debido a circusntancias imprevisibles para el contratista.,2020
20,ALC-CONT-12/2019,Pasos elevados ferrocarril (Emergencia),"SERVICIO DE INFRAESTRUCTURAS, MANTENIMIENTO, PLAZA DE TOROS",Obras,Emergencia,2020-10-27 00:00:00,2020-10-22,0,Ampiación del plazo de ejecución de las obras (15 semanas) por demora en autorizaciones y nuevo estudio de la estructura.,2020
21,75/19,Sábado Ramblero y Fiesta Fin Año 2020-2021,SERVICIO DE FIESTAS Y OCUPACIÓN DE VÍA PÚBLICA,Privado,Ordinario,2020-11-24 00:00:00,2020-11-05,0.-,COVID-19 ( Modificación del plazo de ejecución del contrato lote C),2020
22,70/19,Actividades Prevención Conductas Adictivas ,SERVICIO DE EDUCACIÓN,Servicios,Ordinario,2020-12-09 00:00:00,2020-11-09,0,COVID-19 ( modificación de la fecha de duración del contrato) lote 3,2020
23,78/19,Acondicionamiento Plaza Progreso,URBANISMO,Obras,Ordinario,2020-12-01 00:00:00,2020-11-11,91281.72 €,"Modificación contrato: Tras reiteradas peticiones de los vecinos para que se solucione el problema del pavimento de la Plaza del Progreso en el barrio Tómbola, debido sobre todo al empuje de las raíces de los árboles.",2020
24,30/20,Obras emergencia recuperación playa Postiguet,SERVICIO DE LIMPIEZA Y RECOGIDA DE RESIDUOS,Obras,Emergencia,2020-12-01 00:00:00,2020-11-13,62197.96 €,Modificado contrato: El proyecto original no incluía la aportación de materiales de relleno. También se vio necesario disponer de un sistema de reducción de olores que afecta a los comercios cercanos y los vecinos,2020
25,70/19,Actividades Prevención Conductas Adictivas ,SERVICIO DE EDUCACIÓN,Servicios,Ordinario,2020-12-09 00:00:00,2020-11-19,1077.5 €,"COVID-19, se incrementan en un 10% el importe del contrato al incrementarse el nº de sesiones ( lote nº 8)",2020
26,127/19,Renovacion paisajistica Plaza Castellón,"SERVICIO DE INFRAESTRUCTURAS, MANTENIMIENTO, PLAZA DE TOROS",Obras,Ordinario,2020-12-22 00:00:00,2020-11-20,0,Se amplía el plazo de ejecución como consecuencia de situaciones excepciones (rebrote covid19 posterior a la epoca estival y Fugas de agua por averías en la red),2020
27,117/19,Obras baluarte mina castillo Sta Barbara,SERVICIO DE CULTURA,Obras,Ordinario,2020-12-22 00:00:00,2020-11-25,0,La atramitación de residuos de materiales peligrosos ha supueto una interrupción de los trabajos durante 2 meses y habiendo transcurridos casi 4 meses de obra por la aparición de hallazgos arqueológicos de importancia.,2020
28,31/19,Erosion-adecuac. espacio forestal degradad Tossal,"SERVICIO DE INFRAESTRUCTURAS, MANTENIMIENTO, PLAZA DE TOROS",Obras,Ordinario,2020-12-15 00:00:00,2020-12-02,188711.23 €,"Modificación contrato en importe, que no supone aumento del plazo de ejecución. Circunstancias no previstas inicialmente y que han surgido durante la ejecución de las obras, exponiendo los motivos y argumentos en la redacción del proyecto modificado.",2020
29,75/19,Sábado Ramblero y Fiesta Fin Año 2020-2021,SERVICIO DE FIESTAS Y OCUPACIÓN DE VÍA PÚBLICA,Privado,Ordinario,-,2021-01-21,0,"prohibición de realizar eventos  en el año 2021 como consecuencia del covid , por lo que se amplía plazo de ejecución contrato en un año ( lote A)",2020
30,,,,,,,,,,2020
31,,,,,Page 1 / 1,,,,,2020
0,33/19,Centro acogida e inserción personas sin hogar,SERVICIO DE CONTRATACIÓN,Servicios,Urgente,2021-03-30 00:00:00.0,2020-10-23 00:00:00.0,96444.49,Aumento de prestaciones objeto del contrato,2021
1,108/19,Renovación y pavimentación de calzadas. 8 lotes.,"SERVICIO DE INFRAESTRUCTURAS, MANTENIMIENTO, PLAZA DE TOROS",Obras,Ordinario,2021-01-26 00:00:00.0,2020-12-23 00:00:00.0,0.0,"Se considera necesario introducir ligeras modificaciones en cuanto a la superficie a tratar, que no suponen incremento del presupuesto ni variación en el plazo de ejecución",2021
2,87/19,Obras Apertura público  cinco refugios antiaéreos,SERVICIO DE CULTURA,Obras,Ordinario,2021-01-26 00:00:00.0,2021-01-14 00:00:00.0,0.0,Circunstancias sobrevenidas durante la ejeución del contrato que han afectado a su desarrollo,2021
3,116/19,Carnaval Adultos 2020-2021,SERVICIO DE FIESTAS Y OCUPACIÓN DE VÍA PÚBLICA,Servicios,Urgente,2021-02-02 00:00:00.0,2021-01-19 00:00:00.0,15125.0,COVID-19,2021
4,115/19,Construccion nave industrial fase 1,"SERVICIO DE INFRAESTRUCTURAS, MANTENIMIENTO, PLAZA DE TOROS",Obras,Ordinario,2021-02-09 00:00:00.0,2021-01-20 00:00:00.0,0.0,"Durante la ejecución de las obras contempladas en el proyecto principal, la dirección facultativa consideró necesario introducir unas ligeras modificaciones, que se señalan en el informe justificativo del proyecto modificado.",2021
5,75/19,Sábado Ramblero y Fiesta Fin Año 2020-2021,SERVICIO DE FIESTAS Y OCUPACIÓN DE VÍA PÚBLICA,Privado,Ordinario,2021-02-09 00:00:00.0,2021-01-21 00:00:00.0,0.0,"Medidas COVID-20. Prohibición de realizar eventos en el año 2021 como consecuencia del covid, por lo que se amplía plazo de ejecución contrato en un año ( lote A)",2021
6,110/19,Luminarias barrios y polígonos 3 Lotes,"SERVICIO DE INFRAESTRUCTURAS, MANTENIMIENTO, PLAZA DE TOROS",Suministros,Ordinario,2021-02-23 00:00:00.0,2021-01-26 00:00:00.0,0.0,"Como consecuencia de la situación excepcional de la ampliación de pedido y recepción de material en fecha, no hay garantía de recibir los materiales a tiempo, y se solicita ampliar el plazo hasta 20-02-2021",2021
7,81/19,Plan Local de Residuos y Proy Gestión Plan Zonal 9,SERVICIO DE LIMPIEZA Y RECOGIDA DE RESIDUOS,Servicios,Ordinario,2021-03-09 00:00:00.0,2021-02-15 00:00:00.0,0.0,Retrasos por obtención de documentación técnica y  por la crisis sanitaria,2021
8,104/19,Vallados Semana Santa y Fogueres,SERVICIO DE CONTRATACIÓN,Suministros,Ordinario,2021-04-06 00:00:00.0,2021-03-09 00:00:00.0,0.0,Cancelación de las procesiones previstas durante la celebración de la Semana Santa 2021.,2021
9,124/19,Reforma Finca Benisaudet,URBANISMO,Obras,Ordinario,2021-04-20 00:00:00.0,2021-03-22 00:00:00.0,0.0,Ampliación del plazo de ejecución inicial en dos (2) meses debido a circunstancias imprevisibles.,2021
10,70/19,Actividades Prevención Conductas Adictivas ,SERVICIO DE EDUCACIÓN,Servicios,Ordinario,2021-05-04 00:00:00.0,2021-03-31 00:00:00.0,0.0,Restricciones derivadas del COVID-19,2021
11,137/19,Mejora sistema viario C/ Padre Espla,URBANISMO,Obras,Ordinario,2021-04-13 00:00:00.0,2021-04-09 00:00:00.0,0.0,Circunstancias ajenas al contratista,2021
12,112/19,Sistemas de climatización Fase I,"SERVICIO DE INFRAESTRUCTURAS, MANTENIMIENTO, PLAZA DE TOROS",Suministros,Ordinario,2021-04-06 00:00:00.0,2021-04-12 00:00:00.0,0.0,Solicitud del contratista de ampliación de plazo.,2021
13,113/19,Sistemas climatización edif. municipales Fase II,"SERVICIO DE INFRAESTRUCTURAS, MANTENIMIENTO, PLAZA DE TOROS",Suministros,Ordinario,2021-04-06 00:00:00.0,2021-04-12 00:00:00.0,0.0,Solicitud de ampliación del plazo por parte del contratista informado favorablemente por el Responsable del Contrato.,2021
14,117/19,Obras baluarte mina castillo Sta Barbara,SERVICIO DE CULTURA,Obras,Ordinario,2021-05-25 00:00:00.0,2021-04-20 00:00:00.0,56310.87,"CIRCUNSTANCIAS OBJETIVAS SOBREVENIDAS, NO PREVISIBLES, QUE DETERMINAN LA NECESIDAD DE ADECUACIÓN DEL PROYECTO",2021
15,135/19,Reurbanización calles en San Gabriel,URBANISMO,Obras,Ordinario,2021-05-25 00:00:00.0,2021-05-04 00:00:00.0,0.0,"Ampliación del plazo de ejecución, de dos (2) meses, debido a los retrasos en las operaciones de renovación de la red de agua potable por Aguas Municipalizadas de Alicante.",2021
16,133/19,Reurbanización barrio Rabasa,URBANISMO,Obras,Ordinario,2021-06-08 00:00:00.0,2021-05-18 00:00:00.0,0.0,Ampliación del plazo de ejecución debido a circunstancias e imprevistos no imputables al contratista.,2021
17,104/19,Vallados Semana Santa y Fogueres,SERVICIO DE CONTRATACIÓN,Suministros,Ordinario,2021-06-15 00:00:00.0,2021-05-25 00:00:00.0,0.0,"Cancelación de  la celebración de la tradicional ""Ofrenda de flores"" de las fiestas oficiales de la ciudad, ""Les Fogueres de Sant Joan"" durante los días 21 a 24 de junio de 2021.",2021
18,124/19,Reforma Finca Benisaudet,URBANISMO,Obras,Ordinario,2021-07-06 00:00:00.0,2021-06-11 00:00:00.0,103623.63,"Redacción de proyecto modificado y ampliación del plazo de ejecución en tres meses para llevar a efecto la modificación, debido a circunstancias sobrevenidas e imprevisibles.",2021
19,07/20,Ayuda a domicilio,SERVICIO DE ACCIÓN SOCIAL,Servicios,Urgente,2021-11-23 00:00:00.0,2021-06-28 00:00:00.0,1574173.53,Crisis sanitaria y social derivada del Covid-19,2021
20,135/19,Reurbanizacion calles en San Gabriel,URBANISMO,Obras,Ordinario,2021-09-28 00:00:00.0,2021-07-19 00:00:00.0,68879.25,"Inclusión de obras adicionales, sin que sea posible su ejecución separada del resto del contrato, así como derivadas de causas sobrevenidas e imprevisibles en el momento de la licitación. Ampliación del plazo en 2 meses.",2021
21,137/19,Mejora sistema viario C/ Padre Espla,URBANISMO,Obras,Ordinario,2021-08-03 00:00:00.0,2021-07-21 00:00:00.0,471900.0,"Motivos de la necesidad de la modificación del proyecto, plantean una propuesta técnica que afecta a: un aparcamiento provisional, a la red de drenaje y saneamiento, al alumbrado público, a la semaforización y a desvíos provisionales.",2021
22,48/19,Reurbanizacion Paseo Explanada Fase II,URBANISMO,Obras,Ordinario,2021-08-03 00:00:00.0,2021-07-23 00:00:00.0,235947.97,Ampliación del plazo de ejecución y autorización a la empresa para ejecutar las obras del modificado,2021
23,95/20,Servicio redacc.proyecto urb.playa Almadraba,URBANISMO,Servicios,Ordinario,2021-08-24 00:00:00.0,2021-08-10 00:00:00.0,0.0,Ampliación del plazo de ejecución del servicio en 30 días naturales debido a retrasos por dificultades de agenda entre los diversos agentes afectados.,2021
24,137/19,Mejora sistema viario C/ Padre Espla,URBANISMO,Obras,Ordinario,2021-08-31 00:00:00.0,2021-08-17 00:00:00.0,472493.38,"Aprobación proyecto modificado y ampliación del plazo de ejecución según acuerdo JGL de 03 de agosto de 2021, en el que se autorizó la redacción del proyecto, la ampliación del plazo  y la ejecución provisional de las obras.",2021
25,133/19,Reurbanización barrio Rabasa,URBANISMO,Obras,Ordinario,2021-09-21 00:00:00.0,2021-09-08 00:00:00.0,0.0,Ampliación del plazo de ejecución en 3 semanas debido retrasos producidos por la ampliación de la red de riego  y las circunstancias climáticas de temperaturas adversas en julio y agosto.,2021
26,30/19,"Mantenimiento conservación zonas verdes, 3 lotes","SERVICIO DE INFRAESTRUCTURAS, MANTENIMIENTO, PLAZA DE TOROS",Servicios,Ordinario,2021-11-16 00:00:00.0,2021-10-04 00:00:00.0,2591239.86,"Debido a retrasos desde la redacción del PPTP hasta el inicio del contrato, se han tenido que mantener nuevas zonas verdes que se han ido ejecutando dede el inicio del servicio y a las cuales no se les ha dotado económicamente de recursos.",2021
27,12/21,Proy.reducido obras reparación Mercado Central ,DEPARTAMENTO DE MERCADOS,Obras,Ordinario,2021-11-16 00:00:00.0,2021-11-03 00:00:00.0,0.0,Retrasos  en la ejecución debido a la coordinación de los trabajos con los propietarios de los puestos interiores del Mercado Central.,2021
28,,,,,,,,,,2021
29,,,,,Page 1 / 1,,,,,2021
0,53/21,Act. complementarias acceso peatonal Hospital Gral,,Obras,,2022-02-02,2021-12-28,0.0,Reparación  parches de hormigón,2022
1,55/21,Proy. mejora movilidad y accesib. Junta Distrito 2,,Obras,,2022-01-25,2022-01-13,0.0,Ampliación del plazo de ejecución en un mes para modificar los bordillos de la mini-glorieta y evitar accidentes.,2022
2,102/21,Redacc. Proy. Mejora Efic. Energética en  Barrios,,Servicios,,2022-03-29,2022-03-16,0.0,Ampliación del plazo de ejecución en un mes debido a dificultades técnicas y falta de documentación que debía ser aportada por  el Ayuntamiento.,2022
3,75/21,Proy. reparación camino Molineta. Actuac.  Ramblas,,Obras,,2022-03-29,2022-03-23,0.0,Ampliación del plazo de ejecución de las obras debido a retrasos por la huelga de transportes y la lluvia.,2022
4,68/21,Ejecución aceras en C/ Duque de Rivas,,Obras,,2022-04-05,2022-03-23,0.0,Ampliación de plazo de 20 días laborables,2022
5,90/21,Obras de mejora campos futbol (3 lotes),,Obras,,2022-04-05,2022-03-24,0.0,Aumento en los plazos de entrega  por la situación de crisis de materias primas y también por bajas por covid,2022
6,90/21,Obras de mejora campos futbol (3 lotes),,Obras,,2022-04-05,2022-03-24,0.0,Aumento en los plazos de entrega de los materiales debido a la situación de crisis de materias primas y también bajas por covid,2022
7,90/21,Obras de mejora campos futbol (3 lotes),,Obras,,2022-04-05,2022-03-24,0.0,Aumento del plazo de entrega de los materiales debido a la situación de crisis de materias primas y también bajas por covid,2022
8,72/21,Reurbanización c/ Irlanda y mejora acc. dist.4,,Obras,,2022-05-03,2022-04-20,0.0,"Ampliación del plazo debido a retrasos ocasionados  por COVID-19, huelga transportes y lluvias.",2022
9,44/21,Obras nueva pasarela castillo San Fernando,,Obras,,2022-05-03,2022-04-25,0.0,Terreno impracticable  para el personal y las máquinas por lluvias durante un largo perido de tiempo,2022
10,38/21,Obras daños por lluvias en septiembre 2019,,Obras,,2022-05-03,2022-04-26,0.0,Retrasos en la obra por causas ajenas.,2022
11,77/21,Implantación cámaras en áreas industriales,,Obras,,2022-05-24,2022-05-12,0.0,Ampliación del plazo de ejecución en un mes debido al mal estado de la canalización existente del servicio de alumbrado público del área industrial de Atalayas.,2022
12,67/21,Ejecución proyecto Rehabilitación mercado Carolina,,Obras,,2022-05-31,2022-05-12,0.0,"Ampliación del plazo incial en cinco (5) meses debido a retrasos en la entrega de determinados suministros, retraso en las autorización necesaria por parte de la Consellería para retirar el fibrocemento, concurrencia con otras obras de remo",2022
13,145/21,Obras zona verde av. Costablanca - PAU 4-5 - Fase I ,,Obras,,2022-06-28,2022-06-13,0.0,"Mal estado del terreno tras la excavación, necesidad de saneamiento.",2022
14,104/21,Mejora eficiencia energética en el Mercado Central,,Suministros,,2022-06-28,2022-06-16,0.0,"Informe del responsable del contrato, de fecha 14 de junio de 2022.",2022
15,36/21,Proyecto protección  y recuper. en las Cigarreras.,,Obras,,2022-07-19,2022-06-21,0.0,Ampliación de plazo en dos meses debido a retrasos ocasionados por las lluvias.,2022
16,44/21,Obras nueva pasarela castillo San Fernando,,Obras,,2022-09-20,2022-09-08,48193.46,Modificación del contrato derivada de la modificación del proyecto inicial y ampliacióndel plazo de ejecución en tres meses,2022
17,57/21,Reurbanización y accesibilidad en C/ San Mateo,,Obras,,2022-09-27,2022-09-09,0.0,Ampliación del plazo de ejecución de las obras por episodios de lluvias que influyeron en el desarrollo de las obras,2022
18,103/21,Remodelación escaleras mecánicas Mercado Central,,Suministros,,2022-09-06,2022-09-12,28823.41,Sin tramitar,2022
19,36/21,Proyecto protección  y recuper. en las Cigarreras.,,Obras,,2022-09-27,2022-09-13,92911.12,Modificación del proyecto inicial y ampliación del plazo de ejecución en 3 meses,2022
20,77/19,Actividades funerarias y limpieza cementerio,,Servicios,,2022-10-04,2022-09-13,161540.04,"Debido al aumento de la superficie del cementerio, hace falta más personal para su mantenimiento.",2022
21,45/21,Luminarias Pla Vallonga y Atalayas,,Suministros,,2022-10-04,2022-09-16,0.0,-Ampliación plazo hasta el 31/12/22,2022
22,69/21,Luminarias Castillo Santa Bárbara,,Suministros,,2022-10-04,2022-09-19,0.0,Ampliación plazo hasta el 31/12/2022,2022
23,65/21,Suministro luminarias mejora eficiencia energética,,Suministros,,2022-10-04,2022-09-19,0.0,Ampliación plazo hasta el 31/12/2022,2022
24,65/21,Suministro luminarias mejora eficiencia energética,,Suministros,,2022-10-04,2022-09-20,0.0,Modificación de algunas unidades de obra,2022
25,103/21,Remodelación escaleras mecánicas Mercado Central,,Suministros,,2022-09-20,2022-09-22,0.0,Ampliación  plazo 3 meses,2022
26,60/21,Mejora accesibilidad Vados peat Zona Centro.Fase I,,Obras,,2022-11-02,2022-10-05,0.0,"Circunstancias como la inestabilidad del mercado de materias primas, huelga del sector del transportes que han originado la imposibilidad del suministro de material",2022
27,65/21,Suministro luminarias mejora eficiencia energética,,Suministros,,2022-10-18,2022-10-07,0.0,No tramitado,2022
28,42/20,"Servicio mantenimiento aceras, plazas y espac. pub",,Servicios,,2022-11-15,2022-10-24,624457.47,"Recogido en el PPT en el apartado 1.6.2.1.2 ""Por necesidades del Servicio""",2022
29,97/21,Proyecto de Reforma de la Plaza Nueva y Adyacentes,,Obras,,2022-11-15,2022-10-26,0.0,Pedido de luminarias y báculos que van instalados en el interior de la plaza Nueva y problemas  con el proveedor/fabricante a este respecto,2022
30,57/21,Reurbanización y accesibilidad en C/ San Mateo,,Obras,,2022-11-22,2022-10-26,156364.39,"añadir obras adicionales a las inicialmente contratadas, tendentes a mejorar las infraestructuras contempladas en el proyecto original y los acabados de la misma.",2022
31,15/20,"Diseño, instalación y más de las Luces Navidad ",,Servicios,,2022-11-08,2022-10-27,200000.0,Incremento de las unidades prevista en el PPTP y la incorporación de otras unidades descritas en el informe elaborado por el órgano gestor,2022
32,97/21,Proyecto de Reforma de la Plaza Nueva y Adyacentes,,Obras,,2022-12-13,2022-11-23,25439.43,"- Por desmontaje de farolas, instalación de alumbrado provisional y ejecución de peanas. - Formación de losa de hormigón armado en acuario. - Desmontaje y retirada de material de obra por fiesta y posterior montaje del mismo tras su finaliz",2022
33,46/21,Obras circuito biosaludable en la Alcoraya,,Obras,,2022-12-30,2022-11-30,0.0,"- Por la climatología, con lluvias más frecuentes de lo habitual, provocando la paralización y retraso en los trabajos. - Retraso en el suministro de los juegos biosaludables.",2022
34,65/21,Suministro luminarias mejora eficiencia energética,,Suministros,,2022-12-30,2022-12-05,0.0,Modificación del Lote 2. Incremento del coste,2022
35,78/21,Obras peatonalización del centro tradicional,,Obras,,2022-12-30,2022-12-29,268481.54,Modificaciones por circunstancias que no se han podido prever. Modificación del importe y del plazo de ejecución.,2022
36,3/2018,Programa oficina de atención a las personas migradas,,Servicios,,2022-03-15,,17794.06,Inclusión de dos mediadores lingüísticos,2022
